Gene,t_stat,p_value,log2FC,p_adj
REG1A,8.816821216344534,7.711544021527436e-12,7.752639610652466,4.1336593680152356e-10
NOTUM,6.287376670584058,1.423079404290243e-07,6.478177333491542,1.6803522747601821e-06
REG3A,6.357563460165348,6.765934936905729e-08,6.258650032504676,8.823997461122069e-07
TCN1,5.704712110009761,1.1036267560006448e-06,6.140052188489442,9.80571768310759e-06
KLK6,6.97610936488679,1.6636074427602238e-08,6.030206782036678,2.651313079699594e-07
REG1B,7.417900262514374,2.6584365780216402e-09,5.977442825410888,5.5868490986817476e-08
HULC,3.9465945789499264,0.0003207918816429075,5.959797552202929,0.0013539987444074547
CST1,10.766093640905959,9.708356392060018e-15,5.335337223960975,1.9591827117369777e-12
KRT6B,6.349141841576781,1.0964922857482146e-07,5.054290450859577,1.343617133231045e-06
MMP7,10.291444739377047,5.284836107057812e-15,5.03046041255024,1.205465149750447e-12
CA9,6.109977503719375,1.4509414724308365e-07,4.701010803192654,1.7099327686720018e-06
S100A2,6.6872183853855045,2.5596125919630463e-08,4.498738496470145,3.840365723675259e-07
DPEP1,11.286170356399229,3.976924968912661e-17,4.419418014336738,2.7652127440988146e-14
ACTL8,3.4739464370056012,0.00125642636529258,4.179744974775263,0.004462403973403419
DEFA6,5.037378420703839,6.128015174863546e-06,4.156225444278024,4.285384405042507e-05
CDH3,14.143409753917053,8.360716805086322e-22,4.126852106580426,1.0173320208429037e-17
KRT80,13.124529759947327,2.255966224151218e-18,4.064400687111506,4.223168771611079e-15
FOXQ1,12.368183401657634,9.764057491414298e-19,4.059691578816572,2.160164573736894e-15
MMP1,8.791395400433329,7.973459982865713e-13,3.9953405966700184,6.596792714902941e-11
MUC5AC,3.7217912662245802,0.0005333628136675156,3.969257204603943,0.002111242263079483
CEMIP,11.783439253350398,1.8047100977404104e-17,3.8931606508164047,1.5144629289176076e-14
COL11A1,8.998525704701374,1.7494684666618586e-11,3.8230813570217776,8.09411874613745e-10
KRT23,8.530193438208986,5.584730083689474e-12,3.8206121203789083,3.175467086838015e-10
TFF2,3.8989516708165457,0.0002669092539337158,3.811329156476171,0.001152836179773851
CLDN1,14.08811061126953,6.676174892362665e-22,3.7487425978431563,1.0173320208429037e-17
H19,3.3956676792893288,0.0011717984698121728,3.6853685248094408,0.004194276740895579
CYP2W1,5.006821380492323,6.57081558200731e-06,3.563093125147354,4.558362827928446e-05
TESC,8.889210675637914,2.231792899589555e-12,3.5473515671235,1.5045127979061334e-10
PRSS33,6.023744579279429,3.272841225052262e-07,3.505721917297415,3.4198310026995216e-06
KLK10,8.3752738790025,8.828692028848303e-11,3.44268356620159,3.069357845915033e-09
CPNE7,9.813154481760234,4.322227576487401e-14,3.3486624634262587,6.31175125412561e-12
KRT75,4.3777482043732645,8.291982208627915e-05,3.3096910306962473,0.00041624108710637157
INHBA,9.319673184546122,2.883148345061588e-13,3.306917432477843,2.8178432982095905e-11
LOC102723854,4.639050802531345,2.715750854264053e-05,3.293082806771284,0.00015653683891003278
KRT17,6.509153683907727,1.2532076791225428e-08,3.2577611605901384,2.089596056366506e-07
GDF15,10.86440187143469,1.2387487649036095e-16,3.2503496420876967,6.41408296653069e-14
KLK8,5.27288534996561,4.523057818728421e-06,3.2424609455086295,3.296589849553006e-05
MMP11,10.069321090428483,1.1307385617216211e-14,3.2358154513523316,2.166744380949399e-12
TRIB3,11.519258583192444,1.0520939518683248e-17,3.214074321299151,1.2005863337159511e-14
COMP,5.976513890116781,4.244254811444114e-07,3.199814086457502,4.3036743788043315e-06
TRIM29,9.087234210077126,2.0712379692254168e-13,3.1969071928444537,2.0743064699205654e-11
DEFA5,3.323998748417654,0.0015406400202964993,3.1933720135276333,0.005321932652084544
TNFRSF6B,8.209122582703587,8.476481243235532e-12,3.1906993120377747,4.4172087266676645e-10
PRSS22,9.791461095216912,9.129271360408412e-15,3.185329886975861,1.8827961680245687e-12
CXCL5,7.095635835484792,1.1509176544534613e-09,3.1732580481523867,2.719153870852987e-08
LINC00659,8.028667064172025,4.846011489941431e-10,3.164926426902642,1.328069094810976e-08
ETV4,11.804835252530411,2.6023681695478163e-18,3.142105745474761,4.226974917376858e-15
KLK11,5.702738735378306,6.764329764392475e-07,3.125551822294069,6.432853815797393e-06
ASCL2,6.925072874520649,2.7641187418484165e-09,3.101437332552016,5.7839719433897736e-08
C2CD4A,9.121744625895474,4.255662257358774e-13,3.0914369311583365,3.9832998728878125e-11
ESM1,10.669464860813843,3.101147905100462e-16,3.0797152886123476,1.3892274291605154e-13
LOC100190940,7.572404750671926,8.129659421846125e-10,3.0345558945439923,2.0417274684215405e-08
PRSS3P2,2.9349079449962705,0.004818732183274854,3.0288381783165397,0.014257588621541258
LGR5,7.713700837500301,1.2877019712316698e-10,2.998198523644699,4.26941623595285e-09
SULT2B1,11.234948279994155,5.496603813725595e-17,2.994134578705,3.344133760270652e-14
GYLTL1B,10.10201382194524,6.741016298254433e-15,2.9831669875804376,1.4702730536970733e-12
TACSTD2,4.55514534288951,3.062593222767452e-05,2.948969340995037,0.00017377306754317725
TMEM211,5.806467131901415,5.124131419396964e-07,2.934207853956092,5.057387628311223e-06
SLCO1B3,5.756816029766442,5.643237988399059e-07,2.9224390470721437,5.491157124577349e-06
MMP3,5.957671026447109,8.952780039409638e-08,2.9150990964476398,1.1253866479290958e-06
FAM3B,5.230098613968028,2.0028042718744858e-06,2.9057103451701476,1.6310340739889915e-05
VWA2,10.254363411461664,3.171794632473992e-15,2.888638517759774,8.482285074273303e-13
DUOXA2,4.736132689483721,1.1120467383358771e-05,2.884433089813493,7.170845104436117e-05
VGF,3.9119497876075573,0.0002739508853563218,2.8675662876082795,0.0011776839332329001
LY6G6D,6.353035106627897,1.1892886715197469e-07,2.8590422816550336,1.4399268213982367e-06
MSX2,9.254950952728018,8.195505807563026e-13,2.842841964049602,6.692813064860866e-11
GRIN2D,10.514997340206424,4.641809365460677e-15,2.8360887857707167,1.1074811050769711e-12
LINC01234,5.860806245802451,6.50721169016963e-07,2.8127012936211635,6.215051165304871e-06
C6orf223,10.906723721062379,7.951081382147891e-17,2.808985256257251,4.2999448114655794e-14
CXCL1,7.9707647623726485,2.0450174410077905e-11,2.808457950871791,9.199176422248722e-10
VSNL1,9.839001521575081,2.930298574677875e-14,2.78584428962151,4.5097740762644365e-12
ULBP2,6.56013178014223,2.9506774647592526e-08,2.767210099121225,4.3388330382103426e-07
TNS4,8.232426979969473,7.29569586028101e-12,2.7476665609286135,3.9631262155312206e-10
SLCO4A1-AS1,9.285415404550342,2.9445456199858186e-13,2.744538036527189,2.8663384883189955e-11
PF4,4.677703354945533,1.9911282191198495e-05,2.741962482057553,0.00011961514771784906
ELFN1-AS1,9.14091578404337,3.756279596786587e-12,2.715791498029079,2.3025899311687253e-10
LCN2,4.844625370883861,7.260015549617431e-06,2.7144460643555934,4.958735290920286e-05
FABP6,8.13600230959876,2.010629947177305e-11,2.6895032174114384,9.111860408660502e-10
SPP1,4.30315487075801,5.859814118243094e-05,2.6785650881784138,0.00030667620727218046
KRT6A,4.5441625598037385,4.545543342528855e-05,2.657801902818238,0.0002464253570589936
ZIC2,5.5563565598329445,2.1918648142655683e-06,2.647598738333584,1.7645128058209352e-05
PRSS1,2.7944279685157567,0.006945818245582408,2.6468027797166354,0.019520960653675187
NKD2,7.908934365213718,5.3691665684634674e-11,2.645895468183347,2.035163754664553e-09
S100P,6.848574664597747,2.5823559108938004e-09,2.645808949091329,5.451643535998482e-08
HIST3H2BB,3.3102025556107604,0.0014796157618334105,2.635405450280994,0.0051381177482845136
LOC101927746,6.8961456140139825,5.2174064939669725e-09,2.630574293167138,9.880996454255271e-08
SLCO4A1,11.644569432550918,4.048052802367054e-18,2.605977536655315,5.472967388800257e-15
UBE2C,9.965997758574398,4.118932387917371e-15,2.5992146878426565,1.0313134306279813e-12
SP5,7.006241034776738,3.116445072942467e-09,2.5797721640869904,6.389368769597967e-08
LINC00460,6.100549274802128,2.3312795198002565e-07,2.5739526408019535,2.561355232228399e-06
STRA6,6.7216334007271,4.628395720400621e-08,2.570858213345996,6.327901025374692e-07
SLC6A6,9.002346370795632,1.0959944154339769e-12,2.5640650942166503,8.570021730147713e-11
IL24,6.518814548665007,6.991245733499501e-08,2.55823853421859,9.069240734032188e-07
EPHX4,9.710219257921834,4.748908503916888e-14,2.5545148226256864,6.7982021971365514e-12
MMP10,6.545211950701365,1.3437105340783869e-08,2.5512609776522277,2.2094959160359205e-07
CCAT1,10.148869083177344,5.4664380091278694e-15,2.548284536629331,1.2317706980568133e-12
CTHRC1,8.506798309742004,3.728411699009053e-12,2.543037437072733,2.2912784623001088e-10
CLDN2,6.886841088825023,2.502547360621329e-09,2.535888244257076,5.305051617428629e-08
SNAR-A1,2.9690557948693144,0.005054879987088722,2.5157803092754145,0.014831873567131799
SNAR-A2,2.9690557948693144,0.005054879987088722,2.5157803092754145,0.014831873567131799
CGREF1,11.37971312519644,2.9738669705157274e-17,2.484056781623177,2.193091714983962e-14
MSLN,2.8681207359661975,0.005664177738678789,2.472314618703655,0.016404141076207527
MYBL2,8.65857503065795,1.113506125442913e-12,2.4668467127349207,8.630027091967749e-11
IL23A,5.709931411778476,3.2073646246701614e-07,2.466524966451721,3.361092841951343e-06
ACAN,9.051972077850543,4.387020815231367e-12,2.4559251505038944,2.60841302585533e-10
DKK4,4.8555875411048515,1.4643961515107589e-05,2.449342829068251,9.132769936071713e-05
SPTBN2,12.393693562004463,3.679516728972575e-18,2.4472331373335794,5.267336418604505e-15
POU5F1B,8.336667686422613,2.361223182479875e-11,2.4433529065923247,1.0485899154896028e-09
EREG,5.590959034637831,4.885567133140185e-07,2.4339251284831,4.862787801721862e-06
SERPINB5,5.4481977720733195,6.959751803171184e-07,2.4337966072137807,6.5852457185837456e-06
TPX2,8.536031263088388,1.8645183747109804e-12,2.4134379412275777,1.313560299905401e-10
BLACAT1,10.936091641303262,6.244248421872457e-16,2.4123430321239,2.429516982915124e-13
CBX2,10.437288224912384,1.993925435606135e-14,2.4099114145038127,3.3697339861743682e-12
CKMT2,3.1166871076218627,0.0029427995442479564,2.404587041288176,0.009319020107089593
TNFSF9,5.329134804743681,1.3698847186437919e-06,2.403015972835097,1.1784204493784136e-05
CHST4,4.173344323805791,0.00013730043604722922,2.392317069553851,0.0006447980338952857
PSAT1,9.460803935367672,4.889831156903208e-14,2.3823219532929687,6.918542501999794e-12
LEMD1,6.528403124741696,1.9622750777433163e-08,2.3817941953461137,3.049420580585016e-07
TDGF1,6.8972011085559926,5.1004260059388825e-09,2.377165409316113,9.6971849437913e-08
CRNDE,8.162679604905703,7.873918578964102e-11,2.3522778005732743,2.813798568835101e-09
WNT2,10.847488107657997,1.6347698489930405e-16,2.348413365401482,8.288283134394715e-14
BIRC7,2.6908042846111444,0.009741113761348006,2.3396385551738907,0.02614821801193085
NMU,6.555235829502741,3.5410679068161514e-08,2.3319321071279493,5.066162761921097e-07
CCL24,6.285933186977086,2.3488114071286096e-08,2.3272113181951206,3.5636330675736813e-07
FEZF1-AS1,5.5076292457269584,2.0447523105699218e-06,2.3240813525284314,1.6609176311758883e-05
CDKN2A,7.8261989052965,6.676786683186612e-10,2.3202360318980455,1.7396818064457108e-08
CHAC1,5.9530752964107325,1.3691314333475167e-07,2.318661408783236,1.6269132110324788e-06
GJB4,7.761138614973191,3.1350956877569296e-10,2.3151263116016048,9.159146297389272e-09
CXCL6,6.344842656332287,5.583512798067209e-08,2.311321289026254,7.457758916232908e-07
SHH,8.894913525973191,5.366604550249292e-13,2.3106456955661803,4.697902458088732e-11
SLC7A5,9.652167821208645,1.5947278692872697e-14,2.301815496870994,2.853624810806985e-12
COL10A1,5.2255985759649715,2.385029289209209e-06,2.282442696615652,1.8943235242230844e-05
SLC35D3,6.112358517671167,1.9361030291482495e-07,2.2818244406007864,2.1813427461736943e-06
ANLN,9.357075280848155,5.339324183300551e-14,2.2756746795367304,7.341118266937979e-12
DUSP4,6.460147652270696,2.6172800608016063e-08,2.2704735533275278,3.9076151877096863e-07
TNNT1,4.069733085675595,0.00020232209354569637,2.270118709877286,0.0009058393718452059
NKD1,4.771768126755234,1.1779695037445935e-05,2.2579987822006347,7.543964695560112e-05
IL11,5.693533701207791,8.190571479232261e-07,2.2560091493516743,7.570290448864273e-06
SLC6A20,6.430381765577507,4.5098473308695844e-08,2.2455897157605564,6.19365940429132e-07
DSC3,3.2082600472922373,0.0022484776709420433,2.2388439916638303,0.00740345725883447
GJB5,4.219844267848564,9.966480526090639e-05,2.237766497991611,0.000488311395375361
SLC38A5,5.300428663631368,1.3314269201721536e-06,2.2174013448116336,1.1539033308158665e-05
FAM83H-AS1,11.20799357563993,4.9268430906035244e-17,2.2172359807249364,3.0743500885365994e-14
KRT7,6.719197465886499,8.54464771021666e-09,2.214994502417214,1.485303904827376e-07
CXCL3,8.281584030760305,8.415172844747706e-12,2.1934638889767397,4.404121426876993e-10
CHI3L1,7.420662735816156,2.0515589923629467e-10,2.190428694024384,6.392668327547333e-09
LOC389602,7.648979690519803,9.73423194859508e-11,2.1857722388789256,3.345935998601834e-09
SLC6A14,5.092664301864556,2.942580074038886e-06,2.1777963586266016,2.2755204538230162e-05
LINC01296,6.181203720440591,1.1228884347518485e-07,2.176073611636156,1.3697550349935332e-06
TGFBI,8.606291784275895,1.3029234655408854e-12,2.168906853151654,9.87786462847445e-11
HTR1D,8.63571124399782,3.270382828091434e-11,2.1637211122101117,1.367436739071669e-09
EVA1A,9.648025578728308,6.643651561505952e-14,2.154915196136505,8.739454291935613e-12
SALL4,8.85013297344356,3.8981518111184e-11,2.151879224497635,1.5628570424279632e-09
SKA3,9.899905693141967,5.300163174856091e-15,2.1500959319449313,1.205465149750447e-12
CCL3L1,2.4165144603180537,0.018912928589197898,2.146871520822004,0.04634629243245595
CXCL17,2.6966005087630562,0.009751957120249758,2.1305123324647317,0.02616578042760729
TMPRSS3,6.737701655202654,5.001990004900141e-09,2.1289627027693854,9.547327745823517e-08
RNF43,7.132583015163673,6.707115656090152e-10,2.1259096729530684,1.7457151508728336e-08
S100A7,4.092290918303953,0.00018598926901322628,2.1185229641574184,0.000843188310489172
CASC21,7.750082761358241,7.699239685049461e-10,2.113823587377756,1.9520212694149403e-08
FEZF1,4.3072546367265225,9.407779392432461e-05,2.1133381282739667,0.00046420867659009805
REEP6,7.21130816516609,1.151975526318799e-09,2.1058849684164,2.719153870852987e-08
ASPHD1,8.541566290265711,1.283150792495406e-11,2.10427152116464,6.232885765702236e-10
NPSR1,3.5365576416622164,0.0009854543289685757,2.0997795574228313,0.0035998223581175707
CCNO,9.66008193521595,1.9466146411044782e-14,2.098636838352526,3.312784189225076e-12
CDC25B,9.250650241327298,1.9620542895679063e-13,2.092604746397819,1.9978474138462163e-11
ACSL6,4.442599738175451,4.796263601328763e-05,2.090869662087643,0.00025806294716324734
SAPCD2,8.10699187398114,1.0596828620557208e-11,2.0906993990651825,5.306263812960498e-10
APLN,7.76697030631024,5.630429785797431e-11,2.0883707676748235,2.117807407529618e-09
KRT16,4.582247536077756,3.526320422166659e-05,2.085983139581816,0.00019669157413212883
NFE2L3,10.279282611818251,1.5000257648829023e-15,2.0859096414205114,4.740860651193547e-13
RHPN1,9.277017921670282,1.8397853471464067e-13,2.082725581112179,1.921588678461586e-11
CELP,3.836031611004692,0.00029642893814759444,2.0704316717989837,0.0012627892887687533
SLC7A11,7.944933201650311,6.101439009990616e-11,2.068014782550994,2.263485057120909e-09
PAH,4.58215366133997,3.4458101892701505e-05,2.063473990984141,0.00019259815518162237
COL7A1,4.980264708929088,5.743734856416026e-06,2.047187005042324,4.051016857492829e-05
FGF19,4.821620013740401,2.1182051783304564e-05,2.035896184200778,0.0001264997330548466
ARID3A,7.828793970105691,1.4179037147166862e-10,2.035423628804121,4.656694305174801e-09
IFITM1,8.389709308754252,4.214300134580435e-12,2.034365093903247,2.532326125312332e-10
EDAR,5.839793842846143,3.94976285803034e-07,2.030861532299407,4.045514684891682e-06
MAGEA3,2.8529826016856936,0.006913363497030272,2.0264930665624097,0.019447737095975536
DUSP27,2.8032210272592835,0.007568923636276718,2.026476078639768,0.0210294925918975
CELSR3,8.789409267572829,5.0798721943983005e-12,2.0197122082832446,2.936431584866438e-10
SSTR5,5.546721924494102,2.2223706121290012e-06,2.01906649717748,1.78434876993637e-05
LRP8,9.59488869566607,1.8862585022358343e-14,2.008539861121152,3.2375417657162714e-12
HILPDA,8.257379378031324,6.353129798448791e-12,2.007602500858317,3.5460955682350866e-10
CEL,4.949848485039061,5.118102898348973e-06,2.0035359045648105,3.6719974096173527e-05
IRX2,3.2955463944642798,0.002000428973140553,2.0012814533549603,0.006690824558871425
UCA1,4.343406809490683,4.758516629517542e-05,1.9905264294706142,0.0002564288323647894
AXIN2,6.482027267753558,1.5881015698517906e-08,1.990099586725627,2.54934299498108e-07
SIM2,8.584257389878543,4.602353350233934e-12,1.9892086103995488,2.7053833606592516e-10
PDX1,8.463498416605457,2.7825065640488764e-12,1.9885712315026776,1.8057354598051588e-10
TOP2A,7.370350301816787,4.0787987743984573e-10,1.9878963317881375,1.1448863549453385e-08
COL1A1,4.879277347461107,6.596003566110466e-06,1.9867881991083358,4.571926595980185e-05
NEBL,8.740492144918854,1.652653221755674e-12,1.9820127700320507,1.1956225042950993e-10
PPBP,5.574650599403211,6.222190306579273e-07,1.9818656642130945,5.9638922135058364e-06
GRM8,3.2450503643811786,0.001987864280968706,1.9802779023422135,0.006656438833119227
SLPI,3.1524660358188616,0.002376959899225028,1.9782951227565642,0.007765565325216844
IGF2BP3,3.840615208572453,0.0003227165719745546,1.9740407729373193,0.0013608786164568984
EFNA3,7.88233865089112,2.764677918899694e-11,1.9698908402288198,1.1950479899528055e-09
SLC4A11,8.246578096481134,1.0828004908503923e-10,1.965837743717565,3.675178904509783e-09
TRIP13,9.983044109977216,4.153053755816164e-15,1.964462953934007,1.0313134306279813e-12
ST8SIA6-AS1,3.2515863427744414,0.0023825392513290382,1.9640009220918961,0.0077827483517239554
SERPINE1,4.466305051878669,3.0012268289850073e-05,1.9616479891220093,0.00017060933452506223
KLK12,4.508799656845869,3.280039234172852e-05,1.9575643108494805,0.00018469003887744222
BAMBI,4.813285298578217,1.0126051056085621e-05,1.9568302498001393,6.604866751565255e-05
MACC1,7.293820924796561,3.3965440863542176e-10,1.9503054435258314,9.805254672065983e-09
MAP7D2,4.314391043847549,7.927807988971345e-05,1.9467932281992164,0.0004003551260004288
SFTA2,4.822055210304429,2.0880553470382094e-05,1.923331119281673,0.00012485237082437804
PAQR4,10.698602519150471,1.8890213881619892e-16,1.9205135270147737,8.840620096598108e-14
GTF2IRD1,8.724539728604118,1.2952347526369099e-12,1.9170559034999153,9.850260293803699e-11
PPM1H,9.613528157356292,2.6921527133199615e-14,1.91368767869479,4.282106433421868e-12
PCSK9,5.947735991726239,9.518928832173462e-08,1.912595705962206,1.186745143748839e-06
AJUBA,10.14089150726384,2.6226981688708657e-15,1.9039514862245157,7.689877426221854e-13
HIST3H2A,8.364076253602697,3.9702899578055715e-12,1.9010611485469013,2.4095006586822047e-10
CELSR1,8.082180206691271,1.5163334793506902e-11,1.8999704070494898,7.16533816572396e-10
PI3,2.9360819135100624,0.00448152525475442,1.895931768625175,0.013399975254908904
RNF183,6.815996967134673,7.641525336470212e-09,1.8951777045895282,1.3514837252059525e-07
HSPA6,4.519702045980498,2.6092477757899655e-05,1.8897254155501062,0.00015140356192566668
CDK1,8.402344068704405,8.11418943822804e-12,1.888006727207335,4.302111419797769e-10
SOX9,7.706047623945109,9.326898973246802e-11,1.8779182797186431,3.219566147701194e-09
CKS2,9.292802945936192,1.0116289200158718e-13,1.8756744020509633,1.2210257574837674e-11
UNC93A,5.094638165589658,5.31152790799865e-06,1.8712855968997948,3.7851052172490524e-05
MROH6,7.33273164208101,3.237931229481327e-10,1.867161291679389,9.394012166627231e-09
RIIAD1,3.409276907444389,0.0012885171812891348,1.8619213920759354,0.00456505373764047
GRHL3,9.495682912437525,2.1756355326363396e-12,1.8610494235904453,1.474826359950918e-10
C17orf96,8.5241061973959,1.8343756427156307e-12,1.8608911787010032,1.3014975405576556e-10
MALRD1,3.000480898385619,0.004557075400413491,1.8563283340114585,0.013583660794586122
ZFAS1,9.594185650649598,2.9558106989316655e-14,1.8558019076744205,4.5097740762644365e-12
MEX3A,7.979616753587218,7.861832579598338e-11,1.8531899980703888,2.813611142016252e-09
DBNDD1,10.747396798678304,4.61389809272654e-16,1.852981420416649,1.9359279997343633e-13
PLEKHG4,8.113966356866088,2.201233889666541e-11,1.8514777330625454,9.811213908228011e-10
LRRC8E,9.787071030083222,1.1144660341161595e-14,1.8490828382745976,2.152511540178639e-12
LINC01411,3.4823751830650513,0.0010999034363059343,1.8477598391196697,0.003965518522361661
PKMYT1,8.482584353988244,3.314019441069591e-12,1.8466454926957225,2.111255945493968e-10
CDCA5,8.78946454974421,7.527875169217265e-13,1.8445753475822388,6.268123559113863e-11
MAD2L1,8.585150413061587,1.391918262921326e-12,1.8439581363363198,1.0412789970103224e-10
STC2,6.685886572407815,4.420262915730969e-09,1.8427808417050953,8.598842391465136e-08
AKR1C4,4.24063122336022,0.00010967903106943795,1.842186475202658,0.000530434996046471
TMEM132A,8.917680232602674,3.767255018697136e-13,1.8346476877908038,3.578494033164136e-11
AURKA,8.202023873003617,7.323220144851658e-12,1.8336296869771318,3.96536138484464e-10
GAD1,5.590026399554291,1.1066887126183557e-06,1.8317314890644336,9.825748453221563e-06
TMPRSS13,6.0522197250456795,2.7567111956890684e-07,1.8308704443728732,2.9622187873896757e-06
MYEOV,6.033929977191562,6.73969917225758e-08,1.8297948282253556,8.803935537093959e-07
IQGAP3,7.700141857401506,8.025561101340881e-11,1.8286007510249958,2.855410160266545e-09
TNNI3,6.652323075366964,3.626917778490229e-08,1.8276998153740327,5.176813551750042e-07
PTK7,6.864954067171237,2.35820427728033e-09,1.8231910824370328,5.0297335049863375e-08
SNTB1,6.695481574344041,7.788974580361814e-09,1.823107430032716,1.3755623032488034e-07
SRMS,6.689937504261683,4.376183019024153e-09,1.8155857056830422,8.5335568870971e-08
MMP12,5.803880859149234,1.9454317251837462e-07,1.8152008693800372,2.1908387998182157e-06
UBE2S,10.923265637834298,4.971560032202542e-16,1.8135763176941557,2.0191606574910732e-13
WNT11,3.3981480412604106,0.0012717388401811713,1.8125987397333998,0.0045095492371629
MAGEA6,2.6150635765059516,0.012576071553396925,1.7939315820704496,0.03264546958116987
ADAMTS12,5.840138057480686,1.7094702499862745e-07,1.7899568077732013,1.9614176333647323e-06
CCL20,4.208720173566863,7.756256259024333e-05,1.7888929378752705,0.00039291476336306445
MFAP2,6.610980443069,6.02202171824924e-09,1.7855215714336699,1.1127708468892445e-07
IGF2BP1,2.496519107627925,0.01696997351670492,1.78504447160572,0.0422530463988675
CEP55,8.43437294001371,4.331346623294122e-12,1.7832881341627496,2.5898685853682004e-10
ADAM12,5.280612301923261,1.665299831633118e-06,1.7786326906479053,1.3931501100936252e-05
HIST2H3C,2.461159833253543,0.016311728265760377,1.7785811123019268,0.04082293491110083
HIST2H3A,2.461159833253543,0.016311728265760377,1.7785811123019268,0.04082293491110083
CXCL8,6.488662123932972,1.4275036045298111e-08,1.7783965307621532,2.3129893821571907e-07
HAGHL,8.936996121181991,5.297127845956274e-13,1.7732250664226554,4.653823222353498e-11
SEMG1,2.5633852411488234,0.013913245791252058,1.7704047032389567,0.03562259332729196
CSF2,5.512481872051431,1.1801868072813372e-06,1.7675935791247923,1.041749225317324e-05
AZGP1,7.203634596432987,6.06924475121118e-10,1.7668346691540373,1.6054471767986444e-08
KIF2C,8.117960651664413,1.1219678040738548e-11,1.7629283806010445,5.568484674320251e-10
NUF2,8.141123911658028,9.343697211580608e-12,1.7625439219512238,4.777063347500539e-10
HOXB8,4.689600404548084,1.535876692016377e-05,1.7574284269854106,9.537406271219839e-05
TRPM2-AS,8.115721751112403,4.521780166856541e-11,1.7558681232427742,1.7720135610405925e-09
RECQL4,7.534876846869504,1.244247733553957e-10,1.7527121456977661,4.147946964899877e-09
ZP3,7.1745592899634305,8.684254315476465e-10,1.74963858153595,2.1434078399739882e-08
RPL22L1,5.199557130948337,3.2871925868089064e-06,1.7451006383208436,2.505390503995664e-05
LRP4-AS1,3.5500863736680084,0.0008110792828963747,1.742116609943464,0.003043704769246904
EGFL6,8.122409269615629,1.4106848777302358e-11,1.7420310427552363,6.754576034420306e-10
MLXIPL,5.569510546602094,4.436073855612729e-07,1.7418125873756782,4.4683896254218286e-06
SORD,8.857464180637272,5.075425779735948e-13,1.736316284900326,4.493845750693566e-11
TG,7.081788094796444,6.146706944147712e-09,1.735722609196613,1.1281015097494624e-07
BHLHE40,6.898453870683956,1.8453461379421978e-09,1.7353212115524066,4.0825766920873934e-08
UBE2T,7.863974273387868,2.990105216608263e-11,1.7349379186181726,1.2699336919961376e-09
C19orf48,11.071219972772573,4.769727422194421e-17,1.7340879506296183,3.0743500885365994e-14
SLC2A1,6.890725638450841,2.4464894767352592e-09,1.7312141656724425,5.199805057277665e-08
CEP72,7.000579740867831,1.32092080750033e-09,1.729823829710238,3.065350522324534e-08
DACH1,7.055077180684087,1.1574673925628976e-09,1.7268051390316441,2.726827344183028e-08
NXPH4,3.8658573697872356,0.00035622163299436546,1.724423811967058,0.0014816287233893142
FXYD5,8.161876650157424,8.37734996457162e-12,1.7222661682833271,4.39377561934946e-10
IER5L,9.208439212122354,1.5046049169601967e-13,1.7196789764713794,1.6419760205893876e-11
SMOX,8.430441170407542,2.6609619326559664e-12,1.7191591021187769,1.750193772786908e-10
DDN,8.654867558476594,6.496101496181988e-11,1.712793284291004,2.3880532630073238e-09
UNC5CL,6.5215547474144255,1.0799659117869218e-08,1.710359287444241,1.8289527090637806e-07
MFI2,4.3744528485335,4.927582320735892e-05,1.7098551720526887,0.00026407761144555975
PRR7,9.700563394386974,1.3523761235043265e-14,1.7086771758187722,2.512322545160404e-12
PLK1,7.240105149757125,7.545968594209398e-10,1.7082233144633983,1.9289778540827722e-08
WISP3,3.2335005183787544,0.002480048809829812,1.708106363252671,0.008041901110728621
HS6ST2,4.155030935221457,0.00012784635817745602,1.7074461868937971,0.000606130717437477
ATP11A,7.009214899211024,1.2067585094059076e-09,1.7058410218174993,2.826532731944386e-08
MAFG-AS1,14.177700322839165,1.6857345868077003e-20,1.7054089783836628,8.204807380910439e-17
KLHL35,8.761672115114504,6.8664913620259614e-12,1.7039996828441526,3.7635795897807165e-10
SULT1C2,4.602121750879522,1.951708143830797e-05,1.698574060110411,0.00011765362741705792
CENPF,6.468600944229652,1.1470746168475198e-08,1.6976013649832056,1.9278458477625166e-07
KIF20A,8.24964302185515,6.368502015375517e-12,1.6974113617938094,3.546541534237496e-10
GALNT6,6.794861690908613,2.788496892234096e-09,1.6972249641486554,5.829970822114172e-08
E2F1,7.96479972814724,1.9436488399946183e-11,1.696905995944714,8.864498702799255e-10
CKAP2,8.516845597402954,1.874557209383096e-12,1.6968111093483667,1.3146750503615856e-10
LEF1,6.386940600309494,2.0125079148096003e-08,1.6964684654784623,3.11554660399532e-07
FAP,5.722997195433075,2.3543358247236368e-07,1.6961198945925196,2.58318830615304e-06
AHCY,9.168619478896433,1.9270928866220076e-13,1.696111239534467,1.978807278009839e-11
PIWIL1,6.030161761144248,2.503204387300568e-07,1.6947847998039975,2.7231999092242562e-06
NKILA,7.482255561498252,7.181038557010144e-10,1.69189878126354,1.853210544256616e-08
SNAR-B2,2.9983618577345434,0.004464519822643098,1.6908952434734184,0.013362262256037686
SNAR-B1,2.9983618577345434,0.004464519822643098,1.6908952434734184,0.013362262256037686
DDIAS,9.747436757896027,1.489559415932743e-14,1.6901208968669978,2.7255577403112204e-12
RBP2,2.840011068639757,0.006320824763846942,1.687239065847355,0.017997378197376762
CFB,6.017553168093257,9.091963227743612e-08,1.687006196347761,1.1417028746665042e-06
ENC1,9.028712427410504,2.1605148521847204e-13,1.6853388637652325,2.1460526303170347e-11
MDFI,8.617327813775512,2.1372234792216464e-12,1.6793312697213443,1.4569039381047053e-10
TTK,7.278489398479169,4.4793125034931957e-10,1.6764671735700079,1.244678029785489e-08
BIRC5,8.069401588389137,3.4618507246519355e-11,1.6755671281508726,1.4197927582703308e-09
TOP1MT,8.815212790204422,8.381376968974796e-13,1.673449321282952,6.798972997232353e-11
TOMM34,8.465440073240128,2.7700914394603e-12,1.6717369111588818,1.8057354598051588e-10
GNG4,3.8945984278459838,0.00027265877058943276,1.671138623213773,0.0011731654598770218
CCNB1,7.757330579999046,5.1693200150856654e-11,1.6709851483079747,1.9779964133195717e-09
MYADML2,6.251835782156381,7.472536281733856e-08,1.6691489277381268,9.611609035532512e-07
FOXD1,4.352286214126933,8.520171019980424e-05,1.6649603515920948,0.000425944391147438
WISP1,6.216688373795044,3.444041277280641e-08,1.662010680939733,4.947708885708482e-07
HSPH1,7.846782261510453,3.3662941927188786e-11,1.6610410308109316,1.3956070779217483e-09
ZIC5,4.724246466084732,3.125079383424137e-05,1.659706917561666,0.00017690609880206977
LRRC15,6.4806344756553536,3.762558770757897e-08,1.6594050950844428,5.335992438529381e-07
CDC6,8.14969673500997,9.577315274124069e-12,1.6573987620300485,4.886237830421034e-10
CDC20,6.661368741712261,6.136500737997652e-09,1.6563977630770053,1.1281015097494624e-07
PTTG1,8.158407127771271,1.3654096489237213e-11,1.654693994570727,6.566918817432348e-10
PYCR1,9.962769928697151,2.4696342036469794e-14,1.6537322268507681,3.980199866222046e-12
SPRR2A,2.9187052005688257,0.005467884772744261,1.65286817369321,0.01590942656976379
SHISA2,6.767139676892409,1.5966652295875317e-08,1.648778579774338,2.560241555880983e-07
BUB1,7.373794113257696,4.3110662329907004e-10,1.646578745489907,1.2031434386016249e-08
CLEC5A,6.08945846695996,2.193885415069576e-07,1.6461651136752544,2.4320371525482165e-06
SLC17A9,4.801695148526302,8.51430395032624e-06,1.6455350450435535,5.6924203553609724e-05
CBX4,9.004760258550322,4.592175700019849e-13,1.6451172466223554,4.2239593329563734e-11
CDCA7,6.591263823720959,1.1197392766991186e-08,1.6440868675040745,1.8871173848857168e-07
TFAP2A,3.9003923130039264,0.0003210728249996522,1.6438880006917655,0.001354886122627282
KIF4A,7.1434874628223435,7.502218210668486e-10,1.6353475091028362,1.921831393419245e-08
CDCA3,8.114277722143786,1.235015774609649e-11,1.6348110478175033,6.071786644626347e-10
RFC3,8.734415173492188,8.324767955198007e-13,1.6334203855502332,6.775637222665508e-11
DSG3,4.189896896198555,8.597268235708672e-05,1.6290889311223968,0.00042926368441568785
GPR143,4.535812165642984,2.697060599332812e-05,1.6285504738506567,0.00015560850342665557
VPS9D1-AS1,7.620263737127404,8.607863915234031e-11,1.6271779715491064,3.014114766059502e-09
MET,7.655836316000098,7.271306294745479e-11,1.6268356039348637,2.63325163673997e-09
CENPA,7.898472395533633,3.4810475450070435e-11,1.6228928586527078,1.4237776984082591e-09
PKP1,5.642533957274475,3.3637634072890463e-07,1.6216816644264622,3.5013065132500527e-06
STMN3,3.6705715289041296,0.0005120526634059026,1.6215154541017927,0.0020374940511193665
BGN,5.144561041180592,2.2891818446802295e-06,1.619124719280685,1.8271410092534622e-05
PMEPA1,6.641119150517556,5.636977989860815e-09,1.6171682787815946,1.0511992058333548e-07
CD55,4.673465861548778,1.569604411507907e-05,1.6159446999277005,9.702284216016363e-05
JAG2,7.149160148981034,7.370620518011642e-10,1.6133996417369172,1.8941015937310594e-08
EPHB3,4.7018750921919255,1.240152197514834e-05,1.6130149635898299,7.892349340669718e-05
MRGBP,9.356427058558161,1.1088575643583891e-13,1.6126854929868522,1.285007508867893e-11
DSCC1,7.708686880162144,6.19927246754425e-11,1.6102030898795303,2.2927886743184932e-09
LYPD3,5.673067921451403,6.566884029117644e-07,1.6086018416373853,6.262841983921944e-06
GDPD5,5.303865889240614,1.2700449945552602e-06,1.608289579585168,1.110194503861236e-05
FGFRL1,7.734618308735441,6.981801223587776e-11,1.604049172743951,2.539747602051302e-09
NME1,9.259172624917106,9.443026970117682e-14,1.6040171488704305,1.184564455385484e-11
DUXAP8,6.672499605706669,1.2207269471882544e-08,1.6012930716393694,2.038957514534891e-07
CFI,4.822844665646054,8.04607371911717e-06,1.6011538102847345,5.418075540355159e-05
TTYH3,7.7348206973274785,5.199060252116342e-11,1.5997705276915077,1.9856022268764457e-09
ELF5,3.242707687398599,0.0024658133569156267,1.5996484213190851,0.008006760316494244
EVX1,4.155261278285172,0.00011171705779193483,1.5981543328936896,0.0005392198172202551
MTHFD1L,8.650076588871995,1.592054270637871e-12,1.5971822114810643,1.1669949617543143e-10
WDR72,4.362648417186234,6.152280600829682e-05,1.5962328510410249,0.00032007454555983976
HES6,5.977986436718451,9.882221630545775e-08,1.5957251805328374,1.2263832004128607e-06
RRM2,7.506292726804688,6.566676806202268e-10,1.595190559217957,1.7165053357222168e-08
F12,7.836692703142797,3.4179212501250975e-11,1.5932979690830493,1.4098056193736335e-09
CSE1L,9.120030203662791,1.437012310577389e-13,1.5917714885182797,1.5895968904641518e-11
NEK2,8.200217505122474,8.998210728776406e-12,1.5899618113225045,4.649266588014917e-10
MNX1-AS1,8.4617966895173,2.4186978163903578e-12,1.587265401680184,1.621526998889139e-10
GRIN2B,8.3038678644401,5.58694552565812e-11,1.5854550331306452,2.1112407812486957e-09
TIMP1,6.675862305063467,5.518767582987071e-09,1.5848524376922963,1.0347051456053418e-07
FIRRE,5.739318073782813,4.6344435985881227e-07,1.5828517541253486,4.6394002227577355e-06
SLC5A6,7.527715791413414,1.7006947878971286e-10,1.5828401188408128,5.460172606631203e-09
HMMR,6.374630960775846,1.7501823452507222e-08,1.5815236320297537,2.767539802080674e-07
S100A11,7.6532033336040275,7.95493681211784e-11,1.5804385285080418,2.8385827310806415e-09
CCNF,8.336151026246561,4.063446355709e-12,1.5745449022103615,2.459901256530702e-10
TROAP,6.991828496920861,1.587997017659934e-09,1.573696754436813,3.5749764497476555e-08
HJURP,7.707810996282566,6.377545942293754e-11,1.572830163350285,2.3480175196922967e-09
ECT2,8.902141226610532,4.599561239453645e-13,1.5724304935965954,4.2239593329563734e-11
BRCA2,6.27148268814652,2.6111148899748958e-08,1.571716300735591,3.903199751991957e-07
PHLDA1,7.1117227983370155,8.180746867167652e-10,1.5688835966312347,2.0496656991490784e-08
EXO1,8.083614896412074,1.2620708331749905e-11,1.5684832563398792,6.1550612817929e-10
SP6,6.114004347092034,4.752278070362507e-08,1.5675569719135738,6.468201293084003e-07
DIAPH3,7.733472591590094,5.282286037323659e-11,1.5669729573357283,2.008589265692321e-09
CADPS,4.511871420230319,2.989945635431286e-05,1.5663355301871986,0.0001701269978579747
MCM10,8.007141473073032,1.7936401590519223e-11,1.5661159370886901,8.277568729173751e-10
CDC45,7.6582849660058,1.0999005516322491e-10,1.5645197503903239,3.728019474167467e-09
LY6E,5.828372236486798,1.5393736041225424e-07,1.5633849604377836,1.7941664765290323e-06
SNAI1,6.567619139202689,7.420989227279873e-09,1.5626918021789822,1.320702683678163e-07
KIF23,7.7061489145475575,5.870626314436162e-11,1.5601747497362788,2.193368878625639e-09
EVPL,5.536546716725129,5.424666144398638e-07,1.5588543803687465,5.306056080791207e-06
DMKN,3.592614857385033,0.0007187029105150431,1.5584839463795377,0.0027354322850006393
PVRL4,5.952517058081346,9.376655506964608e-08,1.5578429185932707,1.1726119651464066e-06
PAFAH1B3,10.466041487134504,4.978206749238346e-16,1.5548741592117183,2.0191606574910732e-13
RELL2,6.325702689880876,2.7347288122802935e-08,1.5547950958681804,4.058070754613001e-07
LOC100288152,3.3883240648956368,0.0011701283431649167,1.554018358813472,0.004190764291282033
NOD2,6.193833145487553,5.041741364759479e-08,1.5537311965541372,6.827814015180115e-07
ATAD2,8.39610438071187,3.1112434508065564e-12,1.552016289740985,1.9962265103594073e-10
TBX20,5.316573435105352,3.0624885561612335e-06,1.5497003429615646,2.357012065235287e-05
FSCN1,4.942208493873057,5.8991949282476e-06,1.5494528569012607,4.1456196296226856e-05
MYC,6.560004352460577,7.823746820372452e-09,1.5473103319418193,1.3807012517808846e-07
THBS2,3.034624055106145,0.0033681249958784263,1.5456621314912988,0.010462942289979243
FKBP10,5.787000924383513,2.3250982497766555e-07,1.5417228786570751,2.555717750974015e-06
SNHG17,6.868952516090095,2.2445925215239587e-09,1.540625258215913,4.8340180180360233e-08
MELK,7.30298601867033,3.9726662731736967e-10,1.5403130718817537,1.1202642691072431e-08
FOXM1,6.904924722868797,2.4819238557972813e-09,1.538892868834484,5.2705147429915045e-08
EVADR,2.8246865241631833,0.006334269542354834,1.5387955113323755,0.018033549787406088
SLC30A2,6.274071102231178,9.559019520058956e-08,1.5383674380107193,1.191133123605503e-06
KIAA1257,6.434519520436591,1.6371037929335734e-08,1.537487826524148,2.61592632336385e-07
TDO2,4.368414772363771,4.888362469718279e-05,1.5350584435392338,0.0002620911854220402
KIF14,7.883938334366107,2.7829642928289444e-11,1.5339945015310408,1.1986941421289414e-09
KLK7,4.714706749406061,2.381435084541654e-05,1.5332752955671922,0.00013988560033165748
UHRF1,6.970441639667086,1.7131808444440327e-09,1.5328050954412071,3.810966090529249e-08
HSPA1B,5.4069207183710235,1.0445424046151265e-06,1.5321243629679184,9.342147724628342e-06
GINS1,7.293424851741372,3.4084673524291767e-10,1.5319868316159755,9.82801676406593e-09
OLR1,4.451664793244592,3.638488496849438e-05,1.5308543896336126,0.00020229896289542594
IER3,5.831838121302376,1.537994492344157e-07,1.529324565397034,1.7934180146472164e-06
KIAA0226L,3.594265973976189,0.000693028504850403,1.5280777512381247,0.0026497316094327428
MAGEB17,3.1332171124028982,0.0030410527205871085,1.5272498303619475,0.009583923725486646
STX1A,6.109677370345029,5.1517901322177693e-08,1.5267986543468854,6.949776311399758e-07
ONECUT2,5.743950706753745,8.806453305558448e-07,1.5258414207152553,8.075126135797678e-06
ASB9,6.869014258161571,2.2815280443939876e-09,1.5213927666677716,4.900553088117571e-08
RASSF10,4.697102123187457,1.3912286693276719e-05,1.5202949940341954,8.721520066140706e-05
ISM2,3.423984110192114,0.0013266260133884536,1.5192735202752217,0.00468370385344863
BOP1,8.312880917414128,4.574249805098504e-12,1.5173105979630588,2.6953739287379464e-10
LIF,6.051295385226292,6.511131332855594e-08,1.5167750428572022,8.55587970390787e-07
CDKN3,6.808861827192297,4.3908124970383485e-09,1.5084570780871585,8.555229217608106e-08
TEAD4,8.016545541794635,3.8835279305229795e-11,1.5078122655999096,1.5595632956634857e-09
ABCC2,3.45233150399075,0.0010780214650650613,1.5076034369358837,0.0038975977379027385
PMAIP1,7.4253159266781825,1.9935487242883086e-10,1.5057351053356252,6.251933215757767e-09
RNASEH2A,8.742850282681381,7.546680649327589e-13,1.5035339948968662,6.268123559113863e-11
NANOS3,5.669543409015461,7.174488984852763e-07,1.5000205948079306,6.756902629078051e-06
AUNIP,8.462905390879659,3.5481797626238798e-12,1.4964624662631336,2.2001735579669007e-10
LOC101929705,6.222341892880838,1.5493651948620833e-07,1.4964204306678452,1.8014979160135528e-06
CD3EAP,7.0940319807638765,1.0162019412524594e-09,1.4952354482696641,2.441292245046382e-08
LINC00920,6.196476326963967,4.584742665649163e-08,1.4937208050903301,6.278801210536749e-07
GTF3A,8.185744131831798,7.609080875503175e-12,1.491531439178206,4.096783012970028e-10
KCNH8,5.637829450758316,7.146197250055563e-07,1.4896317784158948,6.732863193083708e-06
CKAP2L,8.186131561590475,8.350755157681678e-12,1.4895067498638872,4.389286771432858e-10
APOC2,4.841388862587833,7.987218995363691e-06,1.4878596718773451,5.3873880673827826e-05
KPNA2,8.332789102478792,7.638598253077223e-12,1.4870302066106893,4.103596624434598e-10
AZGP1P1,6.722584624058818,8.275195302742948e-09,1.4862038968451112,1.4456938470032474e-07
NUSAP1,6.882643358365798,3.592002123110915e-09,1.4856120686853211,7.208209553902061e-08
CCNA2,6.858695384946668,3.1935852057672753e-09,1.4841239622126978,6.531015930046421e-08
CBX8,10.041295956206715,3.107789114702198e-15,1.4819573986506978,8.403461766154744e-13
SOX4,7.977573956301518,1.9140350196829342e-11,1.4784743859966722,8.755630871993212e-10
SLC11A1,3.0114195082674686,0.00392284442058492,1.4762913565669709,0.011947296126739898
FERMT1,4.958600126688391,4.66973472852759e-06,1.4761568472924749,3.3879146357900326e-05
FUT1,8.801341671656406,5.969740696702675e-13,1.4735095708907362,5.0823765677530936e-11
FANCI,7.298101061053368,4.574184623470193e-10,1.4727577673962156,1.2635341316319024e-08
SLC12A2,5.854136988610477,1.5038115393722216e-07,1.472371746264825,1.7628495964432746e-06
FAM64A,7.588040987595046,1.0422357382555094e-10,1.471634998181297,3.552359793583484e-09
AGT,5.435342099390041,7.367086371493358e-07,1.469205931674181,6.9088791497750425e-06
DUXAP10,7.530580671686911,7.772934291673472e-10,1.467608422716861,1.9622627481552448e-08
KIAA1549,7.974915534176102,3.417889052663119e-11,1.467190683278924,1.4098056193736335e-09
SPNS2,7.322833962365875,2.994860846463704e-10,1.4630986647956905,8.791668704407804e-09
ASPM,6.16271529556417,4.1904083988369354e-08,1.46267254638982,5.839580612580705e-07
PTP4A3,4.456345611136293,3.059298494572911e-05,1.4616833718826516,0.0001736266048599029
HCAR3,3.0995410143326905,0.0027845719028951957,1.461503713898351,0.008873293417422741
LMTK3,9.582836393998674,2.6055579198542727e-14,1.4565795495541982,4.171635364314051e-12
CHPF,9.995352168432367,3.647804753205727e-15,1.4560527000218757,9.344523839369955e-13
PPAT,10.04729462449978,2.953332137908752e-15,1.4542026236374666,8.307383648973017e-13
MZT1,6.759946296068106,3.797435234938967e-09,1.4536750523457571,7.54403133693671e-08
SLC22A3,6.311497647958001,2.3142827190801912e-08,1.4527873656168406,3.5178253748616825e-07
WNT5A,6.56503828827505,9.166861097713237e-09,1.452780171456097,1.5731059848074967e-07
PLEKHS1,5.8556788963422335,1.389205546485212e-07,1.4516344542305712,1.6475490340771987e-06
DLGAP5,6.444047163144704,1.2992791755625948e-08,1.4465374389514958,2.153900409842732e-07
KCTD14,6.221869041714155,3.84564348251319e-08,1.441595582918099,5.431664526433024e-07
HOXC6,3.0463627060384133,0.00397674977855774,1.440064202019605,0.012080661916237818
ANKRD13B,6.179560733938025,3.9126523292413317e-08,1.4393660542036275,5.519901859966206e-07
LGR6,3.928986079570737,0.0002243242535945063,1.4381215897349013,0.0009923932076851309
TUBB3,5.173301641267965,2.2163844930137783e-06,1.4377975522658297,1.7813055819677446e-05
KCNN4,4.8004067615684205,8.546125006143241e-06,1.4365970478884504,5.708084731131657e-05
DRD2,4.208349062852152,0.00013208491321616515,1.4350269525759516,0.0006239166242291528
SLC52A2,6.69732873167905,5.619129580103528e-09,1.4339425797771668,1.049479182359167e-07
TREM1,3.8058900708998205,0.0003154282079672877,1.4338674490470273,0.0013338420276441203
AURKB,6.543913523158037,1.251909300117612e-08,1.4320384026820396,2.089596056366506e-07
LAPTM4B,5.81245732336121,1.7233010581973352e-07,1.4271602562069292,1.975424142830445e-06
S100A9,4.632138372987491,1.829370941430912e-05,1.4267634541206666,0.00011146612726755803
TMEM198,5.34687157368653,1.6027948945102902e-06,1.4261622624411376,1.349208459107659e-05
SPRR1B,3.9534250170713214,0.0002752577446030506,1.4260466513040695,0.0011824664558975886
C16orf59,8.827907810328924,5.428083734158979e-13,1.4235022616812503,4.734689811988993e-11
ABLIM2,7.222605459734998,7.023770343810936e-10,1.4210104148174114,1.8164768872155464e-08
PDZK1IP1,3.1990557307020833,0.002061403376363726,1.419661716787438,0.006874922922733677
FAM72D,6.139838846286828,4.4190303755822614e-08,1.4189752744678623,6.093004148451552e-07
COL8A1,3.326821156260954,0.001396695870087974,1.4172692428793403,0.004892374895409049
PODXL2,6.935614598815314,1.6873185641112824e-09,1.4170486603958503,3.7706689234354606e-08
NELFCD,9.21000754720046,1.8137263917810778e-13,1.4165231888540841,1.9025364426889788e-11
MYOM3,3.2928490485714126,0.0016822223037042676,1.4131906491208168,0.005757075233152447
CDC25A,6.882959384839079,1.929944690728489e-09,1.4131294961929224,4.254269383475408e-08
ADGRG1,7.1724030978039,6.893324600250184e-10,1.4128841185510739,1.7903516272325345e-08
CENPW,8.211796018307592,7.2527290974484994e-12,1.4113291923545286,3.948599895201492e-10
CYP2B6,3.264105389743718,0.001711226254262903,1.4108807992516645,0.005839091716733316
C6orf222,5.070190047182776,3.0780843259383965e-06,1.409859958539438,2.367517704046676e-05
HIST2H2AA3,3.5735869486876584,0.0006389065096306827,1.407600484012499,0.002470749851958095
HIST2H2AA4,3.5735869486876584,0.0006389065096306827,1.407600484012499,0.002470749851958095
SHMT2,9.307009383554504,7.063648642665208e-14,1.4040422999715583,9.241986740209705e-12
RAE1,8.461154720614871,3.705486851486146e-12,1.3992550995762416,2.2829551396903e-10
PLAC4,2.703928037864037,0.008658433185430296,1.3984773721175623,0.023632977792803017
CCAT2,5.167490495190115,6.796313092385605e-06,1.3978289368660386,4.6880690310741524e-05
C4BPB,3.586124750718699,0.0006366255330457798,1.3972768623698046,0.002464278506792126
PROX1,4.966089995170661,5.886783274731975e-06,1.396944124316096,4.139288002712434e-05
PITX1,5.344527881659561,1.0572099206762955e-06,1.3961372970688113,9.434639028081527e-06
C17orf77,3.6347638991654088,0.0006127535051682964,1.395556350295728,0.002383245852928825
NCAPG,7.159568461792177,8.896482053975338e-10,1.395051637581878,2.1847102650408052e-08
GTSE1,6.534031167294101,1.0711477154603521e-08,1.3935602417343467,1.8152820893762624e-07
TLX1,8.003620685523936,2.382009015009263e-10,1.3935196701348254,7.210021317072813e-09
ESRG,2.5654024391654136,0.012436687625973433,1.3933510944021323,0.032321575188561456
MKI67,5.118913592508696,3.070227045780754e-06,1.3926806856550824,2.36222084685806e-05
PRC1,7.218706712953424,4.959604658013579e-10,1.3914017768091664,1.3531046968320454e-08
TMEM97,7.8954242025007835,2.617087230718028e-11,1.3900703077946703,1.1397716971837815e-09
PUS7,7.1888144279773325,5.936849819015441e-10,1.3880100671754905,1.5755635462983618e-08
PARPBP,7.515891923831543,1.5999862442120176e-10,1.3859015378542128,5.184722402016466e-09
TMEM92,6.702170693753516,4.209068574121821e-09,1.382616700273125,8.227548794891646e-08
CDT1,6.788393664061789,3.385685350120282e-09,1.3814383029959827,6.860452846005595e-08
DTL,7.225615976146668,5.518089003202325e-10,1.3803295540500096,1.4822098673502403e-08
ATP6V1C2,5.5001189100641845,5.915373573684829e-07,1.3790351895795139,5.728473190974692e-06
FAM222A-AS1,7.8869396273832075,1.7486487515999698e-10,1.3787523045918455,5.562760263913316e-09
IFITM3,6.606512678239358,6.797462910603203e-09,1.3780355216070603,1.2235433239085766e-07
RAD51AP1,7.534402360893309,1.382308453800968e-10,1.3777699585706018,4.552078285751063e-09
AREG,4.132073085960429,9.790410259747746e-05,1.3764339551329101,0.00048094352862579966
PSRC1,8.638042465287466,1.1016038917130466e-12,1.3744566489624814,8.570021730147713e-11
THEM6,7.91092187071148,6.789109644532156e-11,1.3735041524773504,2.4807773620020203e-09
MIF,9.68639012925561,1.303122399753584e-14,1.3729662993021527,2.4394451323387093e-12
HMGA1,7.69824346539984,6.621038261018353e-11,1.3723835953512333,2.426650408435883e-09
GLS2,8.912692813549956,1.5709129001078526e-12,1.3715340798560258,1.159775986452815e-10
WDR62,7.529618280377963,1.2492863156588648e-10,1.3708914078486758,4.159046754839143e-09
SNAR-C3,3.735409420618843,0.0006138290028126072,1.3647879046345266,0.0023866660189243664
IRX5,7.006841266581887,1.4208577266511146e-08,1.3647848566207161,2.3067374006525367e-07
ARNTL2,7.489979724160011,1.5575366039679094e-10,1.3638454177339487,5.074191538709912e-09
MND1,6.73583930964216,3.5728534036120065e-09,1.363590983185683,7.18586449837205e-08
LZTS3,5.940505148811273,9.607067926033715e-08,1.363577173402259,1.1965077023948644e-06
RACGAP1,8.184897126372341,8.224670573834419e-12,1.3608387603872387,4.34176969815259e-10
CKS1B,9.035936667412116,3.0647532933302635e-13,1.3605955448369018,2.95967603755894e-11
ERCC6L,6.535144959140791,9.039140149160216e-09,1.3597452024940844,1.5565073200587783e-07
RAD54L,7.045697269418076,1.1863008969482445e-09,1.3577420907855822,2.7839747953840386e-08
ATG9B,7.811005599768555,1.8123926831511229e-10,1.3570915106041632,5.720672936078563e-09
NT5DC2,7.282733944604717,6.007907679841676e-10,1.3568602392550342,1.5909514830971385e-08
CYP2S1,6.15781679083833,4.3532940741807425e-08,1.3566307743575576,6.019418442571736e-07
ITGA2,6.007042442201468,7.631698350599301e-08,1.3544741152306319,9.78014802844574e-07
PLEKHN1,8.748685230715456,5.969538818755377e-12,1.354104184156247,3.3784813184472296e-10
MMP9,4.02578202125639,0.00014097289728729774,1.3540255157908447,0.0006607697281170412
FCGR3A,4.066919744885643,0.00012606930779589484,1.352481165392268,0.0005987554009603624
MCM2,6.822021555299134,3.6034969459406972e-09,1.3520572638657145,7.217670919869367e-08
DKC1,7.899108590625072,2.8188882715512367e-11,1.349938654793715,1.212022349407613e-09
CNTD2,6.199879724440994,3.41521755235016e-08,1.3434230078420866,4.912100139124911e-07
C2,6.14800871140592,4.171594009229493e-08,1.3418443580151296,5.824435559874293e-07
KIFC1,7.981735761051651,2.5698397474508027e-11,1.3389881677470394,1.1248133110424951e-09
CENPI,6.878403747604273,1.9806488283890163e-09,1.3380972729516638,4.352794636740215e-08
PHLDA2,5.315480757878371,1.494504493179817e-06,1.3377890294447337,1.270354919525813e-05
GJB3,4.387070962463307,3.962755563794075e-05,1.3337041980378803,0.00021793812293896634
TFAP4,8.54552963700837,1.890481919051016e-12,1.333595657591458,1.317233531970559e-10
MAGEA2,2.710297198149419,0.01003178915116792,1.3335705206247321,0.0268087345567435
NPM3,7.603760827930359,9.50518996849478e-11,1.3325214858059553,3.2764632163355377e-09
SHCBP1,8.309467748977502,1.5929184185038898e-11,1.3320170135503582,7.46870001555449e-10
PABPC1L,3.846027466434305,0.000259387490673458,1.331011663811092,0.0011246132145072642
SEZ6L2,5.220226501393004,1.7792610347942579e-06,1.3289516458809363,1.4771313168658155e-05
HIST1H2AM,2.7500049570181773,0.0076945880487409015,1.328394103807705,0.02134452237024491
BUB1B,6.412817121390694,2.0824328463146403e-08,1.3283846653771554,3.2135755071599925e-07
TICRR,6.258368606714268,2.7009734808222562e-08,1.3271404121591424,4.0153262449169475e-07
LIPG,6.60902925034703,9.942833077221064e-09,1.3263447072216965,1.693273518315268e-07
RBBP8NL,4.762868834137384,1.052257910367934e-05,1.3233044959428337,6.834200295360033e-05
SERPINB4,3.9896235548691497,0.0002912164374689035,1.322815634159211,0.0012431228244594345
ESPL1,7.347558563329289,3.2239976617684747e-10,1.32213268101395,9.37385986819565e-09
HPDL,4.35938984322463,4.395128821579299e-05,1.3217018829285467,0.00023896303619739458
PAICS,7.807407036607745,3.864762456608535e-11,1.3213534341262365,1.5545927131243852e-09
MAT1A,5.1650604303116205,3.048606368434075e-06,1.3198485530455146,2.3470700595448165e-05
HCAR2,2.5067543064063353,0.014486062371512518,1.31896422308709,0.036905305209948086
GINS2,6.497451710790886,1.5532056164530166e-08,1.3171124890148036,2.4999214207672363e-07
GRB7,6.6711275478683225,5.312323835517254e-09,1.316520454505166,1.0045121434432626e-07
MTFR2,8.275379282660191,1.0061989851019182e-11,1.3164962738854333,5.086059921599938e-10
CYP4X1,3.761537151829671,0.000356362354100086,1.3146511449856715,0.0014819607398119776
OSBPL3,7.558519583634945,1.1519716517118951e-10,1.3142835018261438,3.866811326353197e-09
SMKR1,6.815963454832728,6.123833814469963e-09,1.3138998757011104,1.127304233804395e-07
JPH1,6.140302192928585,4.245605536170288e-08,1.3132029677337025,5.904060361613721e-07
SULF1,3.455625878478079,0.000931110287547936,1.313176463145962,0.0034289742245019357
TNFRSF12A,5.7913168419222325,3.025011862415016e-07,1.3125219160881905,3.2049059069974677e-06
CCNB2,6.351395576289961,3.071686277506113e-08,1.3113707679396356,4.481389296865721e-07
GGCT,7.090678942052062,8.297677473972414e-10,1.309373599495168,2.0732266838459206e-08
LOC401585,4.504133104051572,4.428772786283815e-05,1.3068984864716826,0.00024057726456920293
KIAA0101,5.894797998505931,1.7830617999981442e-07,1.3063500013031093,2.0333923132499923e-06
CPLX1,4.37508741514841,4.74924805452956e-05,1.3061308268500056,0.00025604275732173543
KIF18A,6.790767222770086,2.8763337686757303e-09,1.3052127508859117,5.977665123355472e-08
ZC3HAV1L,4.148314360265339,9.474535797331348e-05,1.303733971509689,0.00046731313977271116
APCDD1,2.9048623123593758,0.005016500758908097,1.3027802847739123,0.014738809908099414
PLAGL2,5.308722626956313,1.7073031066405792e-06,1.302706338271025,1.4243719027495763e-05
KIF26B,5.3241629181204795,1.5011491585127359e-06,1.3014679589484945,1.2755574693284198e-05
SLC39A10,7.6023071841750305,1.1488993334395233e-10,1.2976781077375916,3.861825162787878e-09
NR0B2,5.898135001064235,1.4682265288335703e-07,1.2965543751770698,1.7269579896420382e-06
KIF11,6.316670288647834,2.580867531876368e-08,1.292625465341541,3.8651072157380485e-07
TONSL,6.574001580056191,7.234295598513174e-09,1.2919367618553586,1.2945133653339455e-07
SLC13A3,3.593805985894699,0.0006372208452831118,1.2919333545895257,0.002465798456163112
HSPD1,8.252439073940913,6.432050482005277e-12,1.291930552183734,3.5669537347454484e-10
PVT1,6.377777422196527,1.606125465134661e-08,1.2910844712686915,2.57149140259981e-07
SERPINA4,4.164853837794389,0.00013013966972387,1.2910282022168678,0.0006156840984448096
MSX1,6.296509224759087,2.28785104655371e-08,1.2896536314796043,3.4798214418081926e-07
ERP27,3.9389105035835557,0.00022594260490688654,1.2892689123342835,0.000998282358935002
GPSM2,5.783270980930704,1.8329983138955723e-07,1.2879945209527826,2.0788726817785745e-06
RPS21,6.967857228026855,1.3472645311147672e-09,1.2867595079164644,3.11367802746524e-08
C2CD4B,4.6733940584308495,1.3717488296991006e-05,1.2852634614997602,8.626067059317134e-05
HELLS,5.839268319314924,1.9251125343992807e-07,1.2826382882358378,2.1729841668432697e-06
TWIST1,5.787363218699956,2.102974588873983e-07,1.282196634789923,2.3422420867202404e-06
TGIF2,6.343061062166844,1.837599699745941e-08,1.2821342587440872,2.8888776675075726e-07
NUP62CL,6.5005633685757385,9.642972905065137e-09,1.2819555289850935,1.6468167622292293e-07
KIF18B,6.118591026439894,5.1115594294404944e-08,1.2818705845638858,6.911254463216487e-07
CDH11,4.025269385320201,0.0001419010797315577,1.2815714351504006,0.0006649922349984957
CMTM8,9.647667874008214,1.865832199323394e-14,1.2813152382577329,3.2375417657162714e-12
RAB15,6.114696670084288,4.823332228194174e-08,1.2806491084654175,6.557576151135944e-07
COL12A1,3.8667591996384365,0.0002468981345929012,1.2779537180019647,0.0010777601799915413
SYT7,4.50730238423294,2.7520925351115575e-05,1.2750112941956586,0.0001582957313506851
CHTF18,6.835554877381913,2.3871182830823824e-09,1.2727012538296494,5.0824943602006e-08
HIST1H3H,2.396936331845762,0.019300113016027555,1.272608212515598,0.047119537555983804
IGFBP1,4.042889725374105,0.0002307404963685072,1.2719564282320408,0.0010172646231202884
DSN1,8.318898224392495,5.526942313759033e-12,1.2717463748244504,3.157363102057273e-10
NUP210,5.773993004149607,2.228980023919749e-07,1.2715843462920469,2.466778438477081e-06
SOX1,3.8563691710019214,0.00039730099225387304,1.2685899950149166,0.0016299941484842536
KHK,5.3282077965345955,1.6184884942839566e-06,1.2658699908789761,1.3610943504418562e-05
TCFL5,6.32694602252417,2.2630761848503842e-08,1.2656543360042272,3.452929281161062e-07
GZMB,4.131468268226456,9.718966611339938e-05,1.2652478878408404,0.0004779162890555036
NDC80,6.230085178260448,3.0226913984638597e-08,1.264461417507985,4.4340095161553034e-07
SPC24,6.002993321095559,7.765731003615694e-08,1.2634798015194737,9.941442909205235e-07
GARS,8.894970754941,4.989000582301501e-13,1.262996754778352,4.447337661937338e-11
FANCB,6.57327715397466,9.092694849928707e-09,1.2624343388603445,1.562710606411476e-07
STIL,6.134669110734123,4.416294392900405e-08,1.2596166094238046,6.092683693062601e-07
DDIT4,5.753339247875568,2.0964754499514784e-07,1.259612512581353,2.3382138657204025e-06
XPOT,8.055439051922017,1.3554746512674865e-11,1.2590803498066112,6.532045764999119e-10
VEGFA,6.2815220260978695,2.718592363170067e-08,1.2577123760052311,4.0390515109955285e-07
LYAR,6.677170096503141,4.56892245852666e-09,1.2565973029600386,8.838576864125977e-08
NDUFA4L2,4.419397708004636,3.516104498303164e-05,1.2565084350735032,0.0001961667103867625
MCM7,6.881530921748621,2.0810111899755495e-09,1.2559463003501738,4.5460941040614876e-08
SNHG1,5.919388842323509,1.1142359122310415e-07,1.2554085152042855,1.3620388820780436e-06
CDCA8,6.242525591591996,3.1058002857367384e-08,1.2532697867545233,4.5232050121896626e-07
SQLE,5.272058482154326,1.7738609825171439e-06,1.2520842389298927,1.4748438971826858e-05
PLAU,6.01248214476859,9.311229634518745e-08,1.2512385035211198,1.1656280060990133e-06
NCAPG2,6.944794409738068,1.4830176116961854e-09,1.2511280457344855,3.3729641680596604e-08
MCTS2P,5.429152451008145,7.489355068854718e-07,1.2508979741204755,7.012526578357211e-06
SERPINE2,3.039483063475198,0.0034556417019589915,1.2504923685072713,0.010697938743019211
ASF1B,6.321590952332848,5.19109952105069e-08,1.2500700177080581,6.995049720060332e-07
BMP4,3.606833238949279,0.000610070722477264,1.2483624757930851,0.0023747090694508474
LINC01124,5.679090227188702,4.7372602115110974e-07,1.246674004202708,4.728710603254063e-06
CDC25C,6.635239112879245,6.072567891706395e-09,1.2462890266232225,1.1204094936509995e-07
C3orf67,4.4206424186272955,4.611754003750338e-05,1.24549309649196,0.0002496255458969489
C1orf233,5.5293072480868055,1.1432097264948714e-06,1.245355930401742,1.0135210165384042e-05
CBX3,8.045625568062194,1.7221059670792092e-11,1.2450240618895148,7.982699202826597e-10
UCN2,6.334647462592078,1.0551832864308097e-07,1.2439205881526452,1.297571523930277e-06
MIR17HG,4.504404905424524,2.622868946011439e-05,1.2421311766152192,0.0001520489248931262
CENPH,7.921022182162734,2.459975032256201e-11,1.2403061331927017,1.0864964135206336e-09
TNFRSF11B,6.20556416749743,3.2463648110542636e-08,1.2401145714570792,4.6969996457679286e-07
SLC44A5,2.8451249256359255,0.006307785057406819,1.2391088110245534,0.017968659388628388
SPTBN5,3.5802003279640426,0.0006529081971733119,1.2383658817512158,0.002516100377895442
TSTA3,5.61652112951798,6.106289113425997e-07,1.2382928628207477,5.878269456658824e-06
IL1A,4.830009603113111,8.774254138477926e-06,1.2374447353013593,5.846939997645093e-05
HKDC1,4.92957198528255,6.3520751081399566e-06,1.2367166552936162,4.4293438347190256e-05
FAM60A,9.944230243600293,4.921397409405116e-15,1.2337859502804722,1.1627876442260479e-12
ADRA2C,2.80104755897899,0.006809502107092129,1.2336699051519153,0.019191203622257562
PRDX4,7.922470067500459,2.632740826978486e-11,1.2334891664857563,1.1441139422383649e-09
SNHG15,7.568112559128524,2.041536984439782e-10,1.2334811147711902,6.3836818427999145e-09
CYP4F3,3.912283006620824,0.00021299825068884603,1.2334517011207677,0.0009476456079330826
E2F7,7.865372005492241,3.0250742176477963e-11,1.2325046224439085,1.280316628881335e-09
GOLGA7B,6.064600952912969,1.14512070849383e-07,1.2322456929670431,1.3947776557510433e-06
DHRS2,7.083626253915746,8.27501715245108e-09,1.2317577649013454,1.4456938470032474e-07
POLD2,9.86960159588147,6.160704533670538e-15,1.2304029284078863,1.3629718684673293e-12
EXOSC5,7.445710162945997,1.8515858830249217e-10,1.2288444105887057,5.829261843375743e-09
UTP14A,5.710175646372578,2.5014626174091866e-07,1.2284534517809123,2.722522104529068e-06
PDRG1,7.59568246591881,1.0776427364499521e-10,1.2284090592673547,3.662781233833245e-09
FBXO41,5.250287414323736,1.9468414865666334e-06,1.2281440086769901,1.5952301150533868e-05
C2orf70,5.170936724774822,2.250174121211201e-06,1.2258196900301643,1.8025094606252727e-05
CTSV,5.029061308131386,4.15283564669488e-06,1.224691662814563,3.061599766675753e-05
SPAG5,5.953968999002287,9.29363441473906e-08,1.2245865423815845,1.164024123093617e-06
CHEK1,7.5215117611626505,1.567741008552042e-10,1.224158910156472,5.100607644936163e-09
DDX11,5.401628960635414,9.678952238006393e-07,1.22311704697786,8.746638754701952e-06
CASC5,5.556212240822836,5.18973263522121e-07,1.2222757258166528,5.113252364807423e-06
SOX14,4.129570585478535,0.00017818710825040604,1.2222341008928448,0.0008128137706432767
NCR3LG1,3.9991989097895964,0.0001540032289818195,1.2221351420166804,0.0007160532251626976
CXCL2,5.499130379118383,6.02486809868122e-07,1.2219974445290536,5.815993258607941e-06
TRAIP,7.4931737830131,1.4520515020941332e-10,1.2204687485001047,4.749613622978874e-09
CMSS1,6.897088966227732,2.0152802904623873e-09,1.2201933808524856,4.418365869251591e-08
PTPRO,2.6250574765992787,0.010687291040083247,1.2197056668543467,0.028291734444845635
SH3TC2,10.822644732014098,2.869722368835601e-15,1.218576845746499,8.216183949174492e-13
TRAP1,7.758357885681671,4.8008816220077334e-11,1.2156680087801668,1.8633852496519967e-09
NCAPH,6.911044568043421,2.073853528695261e-09,1.2152158451379274,4.5386060678352404e-08
PRR11,5.7027213344045915,2.548143102449974e-07,1.2136504905254624,2.765905911740525e-06
FZD10,2.807084230711904,0.007107931654637667,1.2123117890939032,0.019891746176088115
AMH,3.0212221505978336,0.0039815508903113415,1.2110865781675804,0.012093737202523316
LINC01356,8.360580237394176,2.7699692990025115e-11,1.2099871933251323,1.1952122847610838e-09
KIF15,5.405396617178747,8.241545890547075e-07,1.2083321255926314,7.605849859399076e-06
BRCA1,5.334793642168162,1.184204593772845e-06,1.2082714298999808,1.0449167147953574e-05
BAAT,3.718605337514404,0.0006205069122504754,1.2078958016888384,0.002409551015881214
FIGNL1,6.842419636259874,2.5812501611788666e-09,1.2078168810829752,5.451643535998482e-08
LOC441178,8.301320107730218,1.7195703660431813e-11,1.2072761924267228,7.982699202826597e-10
SERPINH1,7.065410795996084,9.966108372920528e-10,1.2065204694197167,2.4003682903849676e-08
HABP2,3.5140295121544685,0.001120946978265058,1.206486678128525,0.0040334073739548984
TACC3,6.89532495350012,1.8898560568036787e-09,1.2061433368408725,4.177251316836905e-08
LOXL2,4.634464814075043,1.6110026456267024e-05,1.2057663246475183,9.935468926500615e-05
FGFR4,3.9174996096823285,0.00020423726118568022,1.2048398271326866,0.0009131578152149025
MAGEA11,2.599880222921897,0.013188211862905724,1.204552868347821,0.034016843871461186
EZH2,6.445522375306697,1.2725692249096937e-08,1.2041320859408216,2.113941614839748e-07
ARHGAP11A,6.101894328283472,5.2741082048844666e-08,1.203555796134605,7.088682316062832e-07
GAS5,6.586031256455682,8.356376576534006e-09,1.203358548724867,1.4577833718030936e-07
ORC1,6.031398316693051,7.522791440999756e-08,1.2032092891135857,9.671138537145805e-07
EPHB2,5.200754086566144,2.2189010262804227e-06,1.20241110582952,1.78273936532058e-05
FAM72A,5.854041419959803,1.364721805494341e-07,1.2005702316597389,1.623991476934349e-06
ADAMTS2,3.4912728526764667,0.0008430826992701422,1.199192053146772,0.003148750854732686
TMEM206,8.32335335414256,7.563231708867234e-12,1.1986415253171203,4.0811265380707987e-10
MCM4,6.617062204710562,6.1456293087341176e-09,1.1983167420823735,1.1281015097494624e-07
SLC11A2,5.682021118156717,3.373639052642709e-07,1.1981660953817048,3.510084650924026e-06
LFNG,4.634291371832874,1.6566385686376432e-05,1.197487207671756,0.00010175657800698053
ZDHHC9,7.693147366028617,6.19606319622202e-11,1.1970471603741935,2.2927886743184932e-09
KIF20B,5.522913574430581,5.179872134828864e-07,1.1958845184923215,5.105604223296688e-06
BLM,6.532587799471555,8.99707274453812e-09,1.1954552170171384,1.550656956877335e-07
TPD52L1,5.216659380800226,1.8172049364613342e-06,1.1953582432041934,1.5036891986985049e-05
BBC3,7.217182489488829,5.12440602926852e-10,1.1949992298865335,1.3887254468627915e-08
BACE2,6.45196782721192,2.156460794758239e-08,1.194139312120253,3.31729645393404e-07
RRP9,8.793821651568663,5.674191064127286e-13,1.1940429585011225,4.8794033122474076e-11
EBPL,6.567662330630704,7.424068340202692e-09,1.1937184137571268,1.320702683678163e-07
GPR157,5.37514637541974,9.307800497140729e-07,1.192281239052094,8.474172573827787e-06
KIAA1524,6.510118374851666,9.17257311161176e-09,1.1910404182933356,1.5731059848074967e-07
MST1,4.1953452686960695,9.214434521381492e-05,1.189467302935721,0.0004559627460600651
MFSD12,7.563370867507229,1.6452854875753207e-10,1.1888478838700456,5.324423886387368e-09
ATHL1,2.74762941167858,0.0076202710036544045,1.1884950550267197,0.021155249275032352
HIST1H2BN,2.5069133959525156,0.014607335689099036,1.1878619037752163,0.037188421522116766
HM13,9.357315433147047,5.1516233719667095e-14,1.1865303946019043,7.1639946502961055e-12
OXGR1,2.5647698601727886,0.013181654120499892,1.1861487363153205,0.034007074597316375
FOXP4-AS1,8.127618763485472,1.095482423878349e-11,1.1837699456008706,5.463045136783505e-10
DEPDC1B,6.306883386420591,3.028157628704181e-08,1.1829996318298561,4.439352051334033e-07
PCNA,6.911186828526245,2.105423269442499e-09,1.1820123391708943,4.578872268556985e-08
C10orf2,6.306497452236262,2.1497239953166123e-08,1.180881793765952,3.3090248671742616e-07
CHAF1B,6.8765540927908955,2.2141991398890804e-09,1.1807004909008847,4.7770168677606966e-08
NPW,3.2425108889864567,0.0020526580398068646,1.1799008603628667,0.006848572258944318
ITGA11,3.2702119380625896,0.001753344987999966,1.1796002080473493,0.0059610790203921725
CAD,6.265777202809483,3.073405134972423e-08,1.178350962643866,4.481389296865721e-07
TIMELESS,6.568717288021438,7.182451087963605e-09,1.1775311617368507,1.2879968550974425e-07
FAM57A,7.015976543377183,1.1934683323677086e-09,1.1773783569948537,2.7980968532274138e-08
LRP11,8.198449627763555,9.253484535775541e-12,1.1770779511157183,4.740901045529127e-10
LOC100996634,4.7430349562429,1.1534070953599102e-05,1.1753052427594033,7.398343456162038e-05
TCF7,5.440550145389197,7.35891715350999e-07,1.174283473562308,6.903878482953706e-06
CPNE1,7.402989577956393,2.1723405883389911e-10,1.174279891908153,6.6751135763600136e-09
LMNB2,7.691576485689878,6.340129275687211e-11,1.1733823381677402,2.3377785765624843e-09
MTBP,7.308746368816687,4.0302375877470705e-10,1.1726228855129635,1.1351835872154249e-08
MEGF6,2.9206901064507496,0.004817061632466683,1.1724918263434216,0.014254378877396548
LGALS7B,3.76727651442606,0.0004442451651089814,1.1716382427883747,0.0017979628036075455
COL5A2,3.3819355769474364,0.0011741396368589016,1.1713161723558319,0.004202038559205622
MMP13,6.376533713889538,1.250548235896224e-07,1.1712699764867311,1.5050761551678332e-06
PROSER1,5.538086855313543,5.236631263095165e-07,1.1705738154886198,5.151117963568469e-06
GGH,3.4503741121089733,0.0009465454142809428,1.1694459588202282,0.003475951290469447
PYCRL,9.283992347363666,1.4700061186738354e-13,1.1688081216320416,1.6187361495043647e-11
NLE1,7.876326582852275,3.1258571576004886e-11,1.1685439426383537,1.3138317752567442e-09
ERVMER34-1,5.189227672162018,5.240622669847578e-06,1.167330816660604,3.746644926363415e-05
SGOL1,6.777247141146805,3.0233667505479404e-09,1.1665544120341635,6.252797762125638e-08
TFR2,7.189956777761934,3.6487931130289445e-09,1.1664681261781995,7.302387269627664e-08
KNSTRN,8.26944565712586,5.298329863280419e-12,1.166115729726756,3.0410414045469875e-10
CENPE,5.040982081989829,3.4405996823655676e-06,1.1655292133335515,2.6051784029262122e-05
TMEM255B,4.226300575295089,6.956806528016208e-05,1.1639607713958253,0.0003561229357715659
OTX1,8.640291773208325,6.81778163321021e-11,1.1638553510576843,2.4875192477631736e-09
PDPN,4.732872202222091,1.1069260642429858e-05,1.162851987793006,7.141609941521024e-05
E2F5,7.29355674705823,5.898277351255237e-10,1.1622556991113364,1.568748389291229e-08
PSPH,7.093749657019018,1.111672807975094e-09,1.1621605055929822,2.644542468707907e-08
PDCD2L,6.9546170938156155,2.270652138170995e-09,1.1618347125435085,4.88150092177821e-08
SLC19A1,7.490106392143819,2.1399964581585326e-10,1.1617651802841866,6.600627858776432e-09
CCDC78,6.390693219872189,4.3841915288960994e-08,1.161352808017046,6.051825584073481e-07
TRIM72,2.8475238879639506,0.006934931462315676,1.1611352993946524,0.019499536922809275
GIF,4.994656437713634,1.1440610727809054e-05,1.1611093964592252,7.350018549946175e-05
RUVBL1,8.56176357123609,1.713025469135279e-12,1.1597558646114505,1.2297400535951668e-10
GNB1L,7.274316767934201,4.061309424043173e-10,1.156757089330823,1.1412936044285758e-08
ZNRF3,5.206584908001227,1.795780814594706e-06,1.1556367162061432,1.4884918904624238e-05
HIST1H2BL,2.55464080532764,0.01294993596280262,1.1555926890746777,0.03349092896820027
DUSP14,6.053252210129676,9.036451012429431e-08,1.152736219973853,1.1353178721656307e-06
TMEM74B,4.7089003715294036,1.2572243158589442e-05,1.1504617823652417,7.992636089535858e-05
RHOV,3.214157036577177,0.0019864233044673382,1.1479968930232558,0.0066531238009244625
RTEL1,5.411278818628655,1.0091423670050467e-06,1.1472218562589704,9.062172931156759e-06
PFDN4,4.98134480736904,4.280378262956648e-06,1.1470162249057623,3.1413536009443e-05
C17orf53,8.675908434483661,9.363947049776354e-13,1.1464611935731928,7.472370259621814e-11
SLC7A1,6.939055228797289,1.5271684328830587e-09,1.1458420953892885,3.4508051051663994e-08
LDLRAD3,5.6926501294460685,2.6818767209664524e-07,1.1452592729859643,2.8968553875472517e-06
MMP14,5.1642483715930885,2.558228486358664e-06,1.144912279979117,2.0128370011000468e-05
SAMD10,6.74100328828542,4.395733528641758e-09,1.1447443412531615,8.557965692242065e-08
CENPN,9.077361735639903,1.89618576690833e-13,1.144703887465229,1.9636415669566434e-11
DHX34,6.723478226832481,4.051023576990441e-09,1.143809575602298,7.987510595301673e-08
ROBO2,4.047418484813228,0.0001805862073853188,1.1431462211251437,0.000822062465942596
TTI1,7.08274680449894,1.128724834160703e-09,1.142707173141953,2.6772560978688955e-08
MTHFD2,7.388651894536466,2.3453578335319387e-10,1.1424497544777434,7.1345785296041575e-09
TK1,6.04024403741323,1.3431477342737346e-07,1.1423512270934637,1.6030820628389212e-06
KCNQ1,4.073599938816784,0.00012058356566280641,1.1412999637321093,0.0005766403136592069
EIF2S2,6.987216713445121,1.2749325453793441e-09,1.1402314216162557,2.9662292948711012e-08
SERPINF2,4.559052570937378,2.3448136654495194e-05,1.1400228157581966,0.00013803431389061322
FAM84B,6.770027965945003,3.517747954103389e-09,1.1392864999984944,7.098500349175793e-08
LAGE3,6.428495529165459,1.7207546058540656e-08,1.1391017249290973,2.728096683261534e-07
NTMT1,8.392863186304211,3.452892272312039e-12,1.1382789251935925,2.1710356374813632e-10
BORA,6.5436918306666465,8.580142575514104e-09,1.1369742417918176,1.4904093484490453e-07
PERP,5.526832551701587,5.700437813991149e-07,1.1359571341079535,5.542383325660751e-06
SHROOM4,4.485677160003781,2.757628907899354e-05,1.1356423482542644,0.0001585766944769345
PBK,4.7085117081067756,1.3428260708979029e-05,1.135504353890695,8.473238433196488e-05
XKRX,4.541993789359043,2.3189913868628234e-05,1.1353119028764438,0.00013667952141122226
SLC1A5,7.918365589061315,2.5241344437214483e-11,1.1348910244419521,1.1128140547537167e-09
FAM111B,5.120347151438019,2.758238546412077e-06,1.1339377210862804,2.15142606620142e-05
STRIP2,4.99484238123646,4.128853486194048e-06,1.1338574577768323,3.04856046581031e-05
IFITM2,3.6245709971515763,0.0005494129307459834,1.1338130607963235,0.002167019948563088
OTUB2,7.0246054483279785,1.52375196658783e-09,1.133635445864174,3.446285116996415e-08
GOLT1A,4.067925092092759,0.00012129376542013602,1.1323458507515198,0.0005792396144553434
CDCA4,9.0813036100486,3.9500472339380335e-13,1.1310448304939649,3.725905018802945e-11
RHBDF2,6.108563991361117,5.031407719692899e-08,1.1309894908231342,6.818622761662754e-07
CDK4,8.489154096122032,2.4480851940395162e-12,1.1299534184086237,1.6304633973597662e-10
GALK1,8.199608071859501,7.332399010437574e-12,1.1295997144616177,3.96536138484464e-10
DCAF13,7.915876811861703,2.4554953860230153e-11,1.129449537756928,1.086489740259202e-09
EN2,4.352161581822404,9.699396378575978e-05,1.1294006513470047,0.00047714677636754595
MAPK15,5.3216307108714505,1.947997290829974e-06,1.1293528084473332,1.5955203914679303e-05
AQP9,2.949608063193899,0.004317461631443958,1.1290250295886652,0.012973175239266596
GCHFR,3.6794805010173834,0.0004677915364396083,1.1288052387453975,0.0018804763274952172
FBXL6,3.8544741464414742,0.00026173484928671724,1.1286429595145258,0.0011333770982636213
GNA15,4.930442001747909,5.326570897392914e-06,1.1284692623174082,3.793603434561134e-05
PROCR,4.736513169076292,1.1110741581784248e-05,1.1280385727389817,7.166472492295295e-05
CST2,5.446478804685866,1.5336439408054038e-06,1.1259306756464929,1.2972804637970215e-05
FGGY,3.1833544010970782,0.00220234795786374,1.1248559696420433,0.007278155880305809
LACTB2,5.300174129945767,1.8697818480959831e-06,1.1238676090905706,1.542474951025893e-05
EME1,7.812953341920165,3.787568380860037e-11,1.1236524639139764,1.5336815992780342e-09
RIN1,7.818326691346296,4.2319803497953286e-11,1.1231094077528283,1.6719070420879727e-09
H2AFX,8.49424799659045,2.0555645921390058e-12,1.1211869236014902,1.4171167114531116e-10
DHCR7,5.692209171675321,3.15128918498859e-07,1.121065044364003,3.3155976483304072e-06
HECW2,4.633334825596978,1.7271781531534416e-05,1.1187128226256824,0.00010571581372017643
ALG1L,5.941762253894879,1.014634306005518e-07,1.1182808488778755,1.2546819344995065e-06
CEACAM6,3.224158843135936,0.0019198870018708643,1.1179934345746076,0.006449802605953804
MATN3,4.347963143303012,6.723729182403383e-05,1.1171062118688546,0.00034571872677576323
NOXO1,3.0352533178981265,0.0033748362833320835,1.1163566841923709,0.010482452557902948
INHBB,3.4058428162755643,0.0010924615584312237,1.1158363999194867,0.00394102349332675
HIST1H3G,2.642395819510622,0.010270690314190872,1.1151404021453235,0.027328615732139627
TMEM158,4.981672224342256,4.275596787231065e-06,1.1139527075782483,3.138791053214335e-05
LRRC36,6.377075116556804,4.2416856647757854e-08,1.1132136232463006,5.901981837506204e-07
FIBCD1,2.843416980367705,0.006103226156877459,1.1126800378529307,0.017490357012926262
FANCD2,6.181756349089426,4.2107444749966476e-08,1.1120364273968564,5.86228132399991e-07
POLR1D,7.620104643053411,1.1727996185956355e-10,1.110874001262327,3.931301862003221e-09
DLL4,6.268625420251158,2.5780145392707526e-08,1.1104894365963895,3.8651072157380485e-07
CACNA1D,3.9887231877498626,0.00016109277523926736,1.110333010528128,0.0007448895645492705
DBF4,7.745218270349108,4.976340048127942e-11,1.11024199375227,1.9192426531100098e-09
RANBP1,7.378665452691864,2.3805739420879206e-10,1.1101934625041627,7.210021317072813e-09
ZNF695,8.126014878105337,1.4109220155881066e-11,1.108860764492604,6.754576034420306e-10
RCC1,7.712000639285364,5.8118214781281296e-11,1.1071025678154056,2.1792987286860733e-09
KISS1,5.2087040778406015,2.8097247285785645e-06,1.1070276114930921,2.1859802108276197e-05
IMPDH1,6.688791481961594,4.939329028630952e-09,1.1055708352573168,9.457396635779926e-08
IGFL2,2.543297016466388,0.014098951697407451,1.1048519032065878,0.036044972004213444
SLAMF9,4.887535672548658,1.3539144456512153e-05,1.104761829745483,8.528935619465097e-05
HOMER1,5.469863135468867,6.612987851337093e-07,1.1046611605492935,6.301240107679698e-06
DDX27,5.209695146749303,2.452920954228939e-06,1.104355387659,1.9415576020825245e-05
NKRF,7.494141950351343,1.7261263798378403e-10,1.1034210232779684,5.505506104814374e-09
ANOS1,4.522424864327091,2.8225912885034125e-05,1.10334056808361,0.0001617771587306148
TGIF1,9.516702883677544,2.876915486342794e-14,1.1029454151070022,4.5097740762644365e-12
NOB1,9.937621866360383,5.073233388791831e-15,1.1026291414584826,1.1871366129772885e-12
TMEM52,4.816904535900281,8.14476830469805e-06,1.1025248993118535,5.4769572109182576e-05
GINS4,5.766789119935522,1.9665523779549933e-07,1.1024897740302122,2.211553542971937e-06
EPHB1,4.069324751132117,0.00012145415559643082,1.1019330880581601,0.0005796446902378401
PSMA7,6.453041678485798,1.3772415944685636e-08,1.101642623476156,2.2449130236427973e-07
AGTRAP,8.043507417689087,1.5125924245828155e-11,1.1007880357365414,7.161566000904163e-10
C1orf112,6.711242378019107,4.122370875729061e-09,1.1001582963064016,8.103555543759486e-08
PRIM1,7.049448253947078,1.0271366006409324e-09,1.1000524897462824,2.4602752276769417e-08
KIAA0895,5.388207646419958,9.639937127956363e-07,1.100041428775249,8.721097024012864e-06
SLC27A5,5.2616778515055245,2.309372307349176e-06,1.099044295260286,1.8426519498901494e-05
ZMYND19,8.355807825468428,4.3468657905932714e-12,1.0988591798289216,2.5927775950950455e-10
SPON2,5.037446799290287,3.4536251685188675e-06,1.0986338713228392,2.6134148663269636e-05
DNMT3B,6.086121458594159,8.744161047033931e-08,1.098297717128947,1.1014384225704851e-06
DUSP15,3.5977718381083603,0.000710264219630024,1.0958317047874964,0.0027079727477543887
RPL36A,6.049435593087047,6.226122095843768e-08,1.093812100952495,8.207958143253193e-07
OIP5,6.239152571909173,3.3553203334846316e-08,1.0914214158146778,4.837649211320776e-07
OSM,3.3339711947785173,0.0013638326793727923,1.0913801430157282,0.004795583309524096
SCARB1,5.94123515605221,9.73911564946936e-08,1.090477700293003,1.2098576745558262e-06
XPO5,8.959510947050703,2.7946055518488134e-13,1.0904249446278849,2.7534218910847256e-11
IPO4,5.828309797508892,1.5331743755891654e-07,1.0902190850595703,1.7903709982887682e-06
CCT6A,8.534921336666626,1.7549716398155244e-12,1.0897545415033463,1.255494910742163e-10
ABCA12,2.6303928789710906,0.011138846897592225,1.0896815224757308,0.029375268541374556
BCL2L12,9.076193115094464,1.7060466444115083e-13,1.088956949913169,1.8130284339911993e-11
XRCC2,3.933987264464734,0.0001924136737515057,1.0882736526400976,0.0008684308539348373
DTYMK,9.140158992507143,1.42940724522071e-13,1.0881159193528935,1.5884043251000543e-11
LINC01315,5.903454892644015,1.116246767376845e-07,1.087769272767793,1.3630196352675816e-06
RPP40,7.246611499697528,4.5426867709758814e-10,1.0875623487880675,1.256577582870741e-08
NUDT1,6.303685550262425,2.528272668104372e-08,1.0866997686768132,3.802722104511001e-07
MCM8,5.090711469596803,3.0144332538587408e-06,1.0863091963733438,2.323701224767384e-05
NCAPD2,6.249146254375979,2.7872012980682567e-08,1.086092209740415,4.123363573847362e-07
YDJC,7.748362661733366,5.214378262302803e-11,1.0857265034444348,1.9858702565164478e-09
CEBPB,5.740041125700806,2.4577775216199364e-07,1.0856482395643514,2.683377019566746e-06
GRINA,6.695560360613193,5.02090080998001e-09,1.0836757992755341,9.568413634430189e-08
LOC730102,4.2210031593863615,7.873831947048893e-05,1.0833277821964247,0.0003978770229721384
EPHB4,5.680325460318143,2.8205013174152437e-07,1.0820230667515292,3.019785308430153e-06
PLOD3,7.103971492972553,3.2649396897020936e-09,1.0815470893318793,6.65457054343301e-08
NCAPD3,6.004555342515358,7.397010996068205e-08,1.079843798902223,9.529574356819261e-07
AEN,7.262953603431034,4.057981408622386e-10,1.0797013189980538,1.1412936044285758e-08
FBXO2,2.9052275781626657,0.004958065355083075,1.0792536192411382,0.01461122287252382
CBFB,8.349152050806927,4.201416139723494e-12,1.0788629552741584,2.53083324693839e-10
RCOR2,5.029313403538674,5.165707328757758e-06,1.078703022160688,3.698518786485696e-05
DNAJB1,4.930356833493886,7.337831568588382e-06,1.0777761461681088,5.0062649019671105e-05
FAM83H,3.972144063834982,0.00017016618218304648,1.0771824204137035,0.0007810569991713728
FANCA,5.898380051810131,1.294912234077605e-07,1.0758151785783476,1.5523637501730342e-06
FEN1,6.647656173764931,5.3702727755145675e-09,1.0756883731038593,1.0138941680754268e-07
ACTL10,6.465823253646479,1.3906797621537356e-08,1.0750589067560203,2.2653000463034344e-07
CENPU,4.6480761560556,1.518524692376408e-05,1.0741906694104415,9.436878680713041e-05
EIF3B,8.334704939185848,4.394515699378227e-12,1.0735540453802672,2.60841302585533e-10
POLQ,5.013530824700045,3.85493671236933e-06,1.072532730126745,2.8777220807429455e-05
HYAL3,6.046193872703958,1.3153696622275127e-07,1.0724720370741965,1.574561539595118e-06
RIPK2,7.884337597090718,4.586633052622889e-11,1.0708564832975171,1.7916581375382125e-09
KREMEN2,5.424100495323725,1.448924165590526e-06,1.0701319705027275,1.235927742510026e-05
HPN,2.8271075832116024,0.0068057084386830904,1.070005911226302,0.019182733444960815
SNHG25,3.1210226014796114,0.002609081503364456,1.069239294308024,0.008402091764705228
PSMG1,6.538497801549493,1.174303681346941e-08,1.0679919898666137,1.965464538463491e-07
DIO2,5.404145803220724,8.31657173064183e-07,1.0677967699826227,7.669272058995816e-06
LINC01272,5.0580432551959165,3.3722595901595184e-06,1.0677078180230553,2.5622013545464263e-05
SNRPB,6.092413921938555,8.63043983939419e-08,1.0668175215171551,1.0910669295142701e-06
KDELR3,4.462805748320337,3.237484945387563e-05,1.0663468526744264,0.00018258964920266914
ULBP3,6.472470319073577,1.136713746369235e-08,1.0654110338673657,1.913075085175775e-07
DNASE1,2.7876534283054277,0.007050835735937468,1.0653872088643292,0.019768333925089195
RRP1,6.600563986985982,6.423982457162606e-09,1.0646751136352544,1.1675432193988737e-07
LIG1,6.370275902722021,1.8035525601823756e-08,1.0621543007896177,2.8445401882435703e-07
BZW2,9.209526770745502,9.638586812598912e-14,1.0620038557935638,1.1967584115888118e-11
SLC3A2,8.451915992449297,2.6221790147917967e-12,1.0611085464198151,1.7312366664032757e-10
SPNS3,6.782149045822031,6.850316148566863e-09,1.0606301811796501,1.232145556478368e-07
RBL1,5.3743354759105495,1.00367607381414e-06,1.0597649689621647,9.019741850938298e-06
ABALON,6.078144286024551,5.492926702268311e-08,1.0597623985476798,7.356954552911481e-07
ADAMTSL2,2.9736853820576603,0.004158689582472591,1.059749597531367,0.012556559513530147
PGF,5.372190327134639,9.422495998128328e-07,1.0595057647340416,8.5529974864025e-06
DDIT3,5.425764909967653,8.101148647507754e-07,1.0576939174689173,7.507599142640849e-06
TNFSF15,6.262454219448626,2.5797161589067837e-08,1.0559020745554841,3.8651072157380485e-07
FAM222A,4.759010068444619,1.2020169701374894e-05,1.0556426323279209,7.679780778489352e-05
SRPX2,4.002593535722549,0.00015206433938163492,1.0556113287196887,0.0007077142404267484
DNA2,6.162540317598047,3.881036938887187e-08,1.0550462957306652,5.478475344823583e-07
PLK4,5.645378915154177,3.227441388099391e-07,1.0548754632764878,3.3779794855872824e-06
GRAMD1A,5.563678951301522,4.407527820745433e-07,1.0546355842563768,4.446998219140168e-06
CENPK,5.66952730907515,3.190311542786964e-07,1.0528996431405893,3.3450849506791707e-06
RFC4,6.594893348059653,6.53449796534391e-09,1.0521838032387576,1.183227560683344e-07
RPS2,7.183605843066149,6.468162794964098e-10,1.0516057186502294,1.697232469220372e-08
EDNRA,5.1598699009209446,2.1518035651499083e-06,1.0497367311261696,1.7362828767071674e-05
FAM150A,4.202791312129114,8.38663109666767e-05,1.049156097474013,0.00042047188786259666
GRHL1,5.293100277109727,1.3369958018113413e-06,1.0489701905274982,1.1570814307567852e-05
SRM,6.174216849894367,3.9176155474113344e-08,1.048807975538006,5.523701735909747e-07
GPX2,3.293901728347506,0.0015843776374946151,1.0484485555156269,0.005457525008643872
PTGES,3.664527938470006,0.0004746724992182064,1.0480158807219668,0.0019052663600485356
LOC101927811,4.435632392397564,3.6175856783619534e-05,1.047497326252036,0.00020136680024843663
RTKN,6.5280039350189645,8.943303435034146e-09,1.0471787621253625,1.543576116276532e-07
FJX1,5.193087655550288,1.9233688071457516e-06,1.0471615411202073,1.5786544111534238e-05
GABRE,2.7503590571277767,0.00755582432721656,1.046717048670549,0.020995494499559512
NR1D1,5.370487039004942,9.513053743716502e-07,1.0465063906435055,8.625546792365305e-06
C6orf48,6.310179485440614,2.175273305208136e-08,1.0463127239651095,3.337796415860353e-07
POFUT1,5.680505201704193,3.837267035216673e-07,1.0462624957837612,3.945235765485127e-06
MDK,3.2115785752286348,0.0020205056528849546,1.0461204574833065,0.00675055265906209
SUV39H1,7.3536911881489475,2.9320418068878046e-10,1.045963009701389,8.617653310678938e-09
GPT2,5.439625950991694,7.277264818168906e-07,1.0451524869450255,6.843103424071039e-06
KYNU,2.4809576643547993,0.015698008567071937,1.0450456907675054,0.0395431877122723
NUDCD1,7.093129367257975,1.146446293568963e-09,1.044916599777912,2.713999708199833e-08
ASIC1,5.020906341339433,3.8002212639052332e-06,1.0441860384589041,2.838618314254075e-05
TGDS,7.228868566790513,4.618442248943176e-10,1.0432736184528184,1.2714299838267094e-08
MB21D1,4.136504529454015,0.00010022395823708646,1.0429191342538258,0.0004906558534817413
HOXA9,3.142540792086618,0.0024905831621453867,1.0429053734251603,0.008067460646076151
HELZ2,4.607218606183061,1.777247416556089e-05,1.0423599356246678,0.00010848029377805113
NEIL3,6.2764154561230665,2.424721867909092e-08,1.0419432673914146,3.6628200730872535e-07
NOP2,5.886514498631783,1.3905085817506472e-07,1.0415790885638643,1.648291127398137e-06
RASL10B,3.651706370326263,0.0005254548887296906,1.0405816267644705,0.0020829891142084625
LOC101928738,3.646416994139179,0.0005074395136083469,1.0401746021774243,0.0020214516292638286
ADRM1,6.559172962481174,9.490110159925435e-09,1.039596148074641,1.6236861833317798e-07
THOC3,7.815345669289711,4.0944935895693154e-11,1.0394395042403088,1.625507275624125e-09
ASGR1,5.050271379484627,4.014047439463715e-06,1.0389708521797236,2.977319673477262e-05
ZWILCH,6.970637970869184,1.3320856023863798e-09,1.0382658516662433,3.081559385857577e-08
LIME1,4.216024706960589,8.027507408583455e-05,1.036486298990654,0.00040471808637929763
C9orf16,7.080084775933734,9.773017058599725e-10,1.0357185530214332,2.365978439321349e-08
HOTS,2.888617823267118,0.006043182301796991,1.0353613647370536,0.017350977406386456
RPN2,8.71353967067117,8.100027041789722e-13,1.0345813548951623,6.65953574624982e-11
CMTM7,6.021338381044099,6.90210376714031e-08,1.0344391578942989,8.987137361001957e-07
LINC01605,5.383847153921858,9.461322434118302e-07,1.0322230025327561,8.585038879817412e-06
ANKRD37,2.4585069702571483,0.016829377690562065,1.031257856876309,0.04194160117537311
GNL3,6.695236002072624,4.579137699182416e-09,1.0312318689455848,8.851302227744503e-08
HSPE1,6.197609303239677,3.632691482656968e-08,1.0299011571483625,5.182015235752636e-07
SEC16B,3.612054127948688,0.0005688852584483291,1.0297069747967003,0.0022304481471884224
DNAAF5,8.447886439259385,4.5550491328782555e-12,1.0294740491613554,2.690574652857409e-10
QSOX2,7.982521223352995,2.0718117867388627e-11,1.0286962674918794,9.30251137307693e-10
ODC1,5.64315109179229,3.515672190094679e-07,1.0284576235404668,3.651617516779518e-06
IMPDH2,6.298543006250161,3.010065962567123e-08,1.0277901584236098,4.420818664154104e-07
RTN4R,5.6459213661412955,3.1636077949620834e-07,1.0277134447724596,3.323587599614647e-06
KCNE3,4.032853172596189,0.00013715422008006925,1.0261892714713694,0.0006442356880657336
LOC400706,5.555218441247662,1.242847352269347e-06,1.0246512025107701,1.088891494925261e-05
LYPD6B,3.484112423941089,0.0008501731305042131,1.0242573046236503,0.0031703667336730815
TEX30,5.0878342013425915,3.114226728462222e-06,1.0230850638619144,2.3900290654007134e-05
ZNF367,6.574526199376026,7.03717599161339e-09,1.022963253472697,1.2638871950693982e-07
ITGBL1,2.948257365731873,0.004493580569801969,1.0223922270999595,0.013422121503647478
TKT,7.10416475145505,7.597098354621809e-10,1.0210601498704612,1.93322322496067e-08
CHCHD6,6.704208459116595,4.087267919594061e-09,1.0203568534901666,8.047552758191024e-08
HGH1,7.236691322863969,7.756453875937805e-10,1.020025750011985,1.9619736165406203e-08
PAM16,5.478336569988038,9.030513633114579e-07,1.0190993916707747,8.261901495318661e-06
CLSPN,4.997487676369943,4.024440122423479e-06,1.0187166741753946,2.9823013038763024e-05
TRIM16,5.385587087516618,1.2954111268452112e-06,1.0176603426156872,1.1279114555601096e-05
TCOF1,4.856702953251012,7.150110598353954e-06,1.0168542913113034,4.8946579893542e-05
ZNF503,4.467330049302248,3.141126843763405e-05,1.0168101496450292,0.00017760795276446613
C2orf15,6.568762651450346,7.467447366807084e-09,1.0166644966047027,1.32744922657865e-07
TBRG4,7.929197363780372,3.2758695713296474e-11,1.0161335092324943,1.367436739071669e-09
DUSP2,3.947032955671719,0.00018404660863758282,1.0157981961881384,0.0008353148578523341
RAD54B,6.803658284434133,2.8043866613987902e-09,1.01575961315953,5.8484741557114193e-08
COL5A1,2.5821888654864065,0.011934361050902478,1.0151540678454172,0.031179238919459226
WDR4,6.218411995963597,4.054034902170344e-08,1.015105184935814,5.696246730901703e-07
FOXA2,4.430170329327097,3.708655819472169e-05,1.0146816317363645,0.00020548375641564785
SCD,5.261948401155925,1.9596675004861583e-06,1.0144815020172837,1.6035799694630514e-05
RCN1,6.117523233333683,6.102877452174635e-08,1.014196134069488,8.076107975863074e-07
ARHGEF19,5.660523038956031,3.187897623867795e-07,1.0141814876637545,3.3450849506791707e-06
CIT,4.922022524647071,5.382153290595434e-06,1.013180876301214,3.826622226180532e-05
IFI6,2.445873483051645,0.016931272049127748,1.0128494821085248,0.042173944379485455
CCNI2,5.132595919478117,2.400161440456872e-06,1.0128394919775112,1.9044776268326846e-05
AP1S1,5.3305361585039375,1.2765966228995316e-06,1.0124183073225526,1.1143204955123028e-05
BYSL,7.375335107666292,2.699463036421251e-10,1.0119950520682992,8.050751526268084e-09
PIGU,7.1899473462287995,7.9318143232717e-10,1.0101956985062701,1.9982260183347835e-08
P4HA1,5.412539471983565,1.271475113921421e-06,1.0101950916304139,1.111045542994316e-05
MIR4435-2HG,5.967963809283696,9.436801108703273e-08,1.0100992865088836,1.178921929062643e-06
FAM72C,6.204445998922398,3.338834561806706e-08,1.0091549212871203,4.822188599176736e-07
NUP155,5.066312319464708,3.1008694716612373e-06,1.0085858910519763,2.382031548685223e-05
SLC22A11,5.699443389242141,1.0465157672335568e-06,1.0082995764544074,9.352922405947792e-06
IRAK1,6.566812200571724,8.051730557857323e-09,1.0077648401939898,1.4137584044445585e-07
TMEM9,5.703879853893433,2.562947254508909e-07,1.0075830816472306,2.777020676123277e-06
CCDC113,5.712231207309619,2.7845639981452767e-07,1.006973205057008,2.986564542038936e-06
AGRN,5.949242519539418,1.1721816608065242e-07,1.0069266621922548,1.4220445113353726e-06
SNRPF,6.592368298989478,6.972553074625495e-09,1.0065642021057393,1.2532056988484935e-07
SNHG3,4.652516780003258,1.4807991138129357e-05,1.0065442851945052,9.221271042413409e-05
SIGMAR1,7.9827194379228725,2.972169248706827e-11,1.0060851021430732,1.2645229167225411e-09
LINC00239,3.4970930650678373,0.0008460381284973877,1.004149208744935,0.0031563979603115785
TLCD1,5.888135547552846,1.1960452646094976e-07,1.003578257841467,1.4459492081240304e-06
HENMT1,5.665296725495374,3.45307420032894e-07,1.0031725616538174,3.5881303902307897e-06
NR4A1,2.5079483480331044,0.01443585906095656,1.0031297467505498,0.036801913482866
TTC26,7.684853844979637,8.983738094392371e-11,1.0023241283063804,3.1099324362038795e-09
POLR1B,9.119328122597205,1.848493771313963e-13,1.00206588986007,1.9224335221665215e-11
PRKDC,4.477986683627722,2.8585933891396288e-05,1.001990702732285,0.0001635709586600094
CDCA2,4.604029824632693,1.8391964243511114e-05,1.0014779181159965,0.00011200871917669831
