Gene_set,Term,Overlap,P-value,Adjusted P-value,Old P-value,Old Adjusted P-value,Odds Ratio,Combined Score,Genes
KEGG_2021_Human,Mineral absorption,18/60,8.32802598999521e-08,1.228893081727286e-05,0,0,5.737167594310452,93.5218804362847,SLC6A19;MT1M;ATP2B4;CYBRD1;MT1X;ATP1A2;CLCN2;SLC8A1;SLC9A3;MT2A;TF;MT1A;MT1F;MT1G;MT1H;TRPM6;SLC26A3;MT1E
KEGG_2021_Human,Drug metabolism,25/108,8.684756761323576e-08,1.228893081727286e-05,0,0,4.04365831709725,65.74629084472949,CDA;UGT1A10;MAOB;ADH1C;MAOA;ADH1B;CYP3A4;HPGDS;AOX1;UGT2A3;UGT1A9;UGT1A8;XDH;GSTM3;GSTM2;UGT1A1;FMO2;FMO4;FMO5;NAT1;NAT2;GSTA1;CES2;CES1;GSTM5
KEGG_2021_Human,cAMP signaling pathway,37/216,3.790460687929744e-07,3.575667915613725e-05,0,0,2.784832422668405,41.17544078594651,CHRM2;RYR2;ADCYAP1R1;VIPR2;NPR1;HHIP;PTGER3;ATP2A3;ATP1A2;ADRB2;GLI3;GNAI1;ADCY5;SLC9A1;RAP1A;PLN;CREB3L3;NPY;CNGA1;PLCE1;CNGA3;PRKACB;EDN2;EDN3;PDE4D;NPY1R;ATP2B4;GCG;MAPK10;ADCY9;ACOX1;SST;FXYD1;PDE3A;CALM1;VIP;MYL9
KEGG_2021_Human,Regulation of lipolysis in adipocytes,16/55,6.919173783268631e-07,4.5248926054552063e-05,0,0,5.484962683809946,77.79760978705214,NPR1;PTGER3;NPY1R;AQP7;ADRB2;GNAI1;ADCY5;PTGS1;ADCY9;FABP4;NPY;PRKG2;PLIN1;PRKACB;PRKG1;MGLL
KEGG_2021_Human,Bile secretion,21/90,7.994509903631107e-07,4.5248926054552063e-05,0,0,4.07711653934421,57.24002778992028,UGT1A10;ABCB1;UGT1A1;AQP8;NR1H4;ATP1A2;SLC51A;SLC51B;ABCB11;CYP3A4;SLC4A4;ADCY5;SLC9A1;SLC9A3;ADCY9;CA2;UGT2A3;UGT1A9;PRKACB;UGT1A8;ABCG2
KEGG_2021_Human,Vascular smooth muscle contraction,26/133,1.6088249365307536e-06,7.588290950636721e-05,0,0,3.260271557044613,43.492043757937296,NPR1;ITPR1;PLA2G5;ACTG2;MYLK;ADCY5;CALD1;KCNMB1;GNA11;MYH11;PRKACB;PRKG1;PPP1R14A;PLA2G2D;EDN2;EDN3;PRKCB;ACTA2;MYL6;ADCY9;PLA2G10;KCNMA1;AGTR1;CALM1;PPP1R12B;MYL9
KEGG_2021_Human,Pancreatic secretion,21/102,6.7826364081804985e-06,0.00027421230050215443,0,0,3.4708497362148845,41.30708487611658,PNLIPRP2;RYR2;PLA2G2D;AMY2B;PRKCB;ITPR1;ATP2A3;ATP2B4;ATP1A2;PLA2G5;SLC4A4;SLC9A1;ADCY5;ADCY9;RAP1A;CA2;PLA2G10;KCNMA1;CLCA1;SLC26A3;CLCA4
KEGG_2021_Human,cGMP-PKG signaling pathway,28/167,1.4459769047142229e-05,0.0005115143300426563,0,0,2.702003513468295,30.11150628086293,NPR1;ITPR1;ATP2A3;ATP1A2;ADRB2;SLC8A1;GNAI1;MYLK;ADCY5;PLN;CREB3L3;ADORA3;KCNMB1;GNA11;CNGA1;PRKG2;PRKG1;MEF2C;PDE2A;ATP2B4;ADRA2A;ADCY9;KCNMA1;AGTR1;PDE3A;PDE5A;CALM1;MYL9
KEGG_2021_Human,Renin secretion,16/69,1.745689362931465e-05,0.0005489223218995607,0,0,4.033059648741232,44.18529785191148,ADCYAP1R1;EDN2;EDN3;NPR1;ITPR1;ADRB2;GNAI1;ADCY5;KCNMA1;AGTR1;PDE3A;PRKG2;CLCA1;CALM1;PRKACB;CLCA4
KEGG_2021_Human,Calcium signaling pathway,35/240,3.0524879224681675e-05,0.0008638540820584915,0,0,2.29359154804112,23.846399064415557,CHRM2;RYR2;PTGER3;ITPR1;ATP2A3;HTR2B;ADRB2;FGF2;RYR3;SLC8A1;CACNA1H;MYLK;PLN;PDGFD;GNA11;PLCE1;PTK2B;PRKACB;PRKCB;TACR2;ATP2B4;MCOLN2;ADCY9;P2RX4;P2RX1;ITPKA;AGTR1;CASQ2;CALM1;PLCD3;PLCD4;PLCD1;FGFR2;FGF10;FGFR1
KEGG_2021_Human,Circadian entrainment,19/97,3.823246060248468e-05,0.000983616940954833,0,0,3.256891604184023,33.12853355609185,RYR2;ADCYAP1R1;PRKCB;ITPR1;CACNA1H;RYR3;GNAI1;ADCY5;GNAO1;PER1;GNG3;ADCY9;GNG2;PER3;GNG7;PRKG2;CALM1;PRKACB;PRKG1
KEGG_2021_Human,Adrenergic signaling in cardiomyocytes,25/150,4.514630567177823e-05,0.0010647003754261,0,0,2.6788977519941986,26.80398498612997,RYR2;ATP2A3;ATP1A2;ADRB2;SLC8A1;GNAI1;SLC9A1;ADCY5;PLN;CREB3L3;SCN7A;PRKACB;CACNA2D1;TPM2;TPM1;ATP2B4;PPP2R3A;CACNB2;ADCY9;PPP1R1A;PPP2R2B;AGTR1;BCL2;CALM1;SCN4B
KEGG_2021_Human,Dilated cardiomyopathy,18/96,0.00010976911612405089,0.0023895892202389,0,0,3.0832500832500838,28.11039597036276,RYR2;ITGB3;CACNA2D1;TPM2;TPM1;ATP2A3;SLC8A1;ADCY5;CACNB2;SGCD;ADCY9;PLN;DES;SGCA;ITGA8;ITGA7;DMD;PRKACB
KEGG_2021_Human,Tight junction,26/169,0.00012734358771738014,0.0025741596660013,0,0,2.434753925319963,21.83638691180889,PRKAA2;TUBAL3;NEDD4L;CD1C;EPB41L4B;RAP1A;TUBA1A;CLDN23;MYH11;SYNPO;BVES;PRKACB;MPDZ;JAM2;JAM3;RDX;CGN;CLDN11;MAPK10;CLDN5;MYL6;PPP2R2B;CLDN8;AMOTL1;MYL9;TJP3
KEGG_2021_Human,Arrhythmogenic right ventricular cardiomyopathy,15/77,0.0002592206713248616,0.0048906299989957,0,0,3.228244966209155,26.65830086100127,RYR2;ITGB3;CACNA2D1;ATP2A3;SLC8A1;CACNB2;SGCD;DES;SGCA;ITGA8;ITGA7;CTNNA3;DMD;CTNNA2;DSC2
KEGG_2021_Human,Chemical carcinogenesis,32/239,0.00032650158029983627,0.0057749967015533,0,0,2.0719708173124323,16.63186674200863,UGT1A10;CHRNA3;ADRB2;CYP3A4;FGF2;GNAI1;ADCY5;SULT1A1;HPGDS;CREB3L3;UGT2A3;UGT1A9;PRKACB;RXRG;UGT1A8;SULT1A2;PAQR8;GSTM3;GSTM2;UGT1A1;PAQR5;PRKCB;EPHX2;AKR1C2;KLF4;ADCY9;NAT1;NAT2;GSTA1;BCL2;GSTM5;FGF10
KEGG_2021_Human,Gap junction,16/88,0.0003735789593343452,0.0062189909112717,0,0,2.9657380723663143,23.406735323112404,TUBAL3;PRKCB;HTR2B;ITPR1;LPAR1;GNAI1;ADCY5;TUBB6;TUBB2B;TUBA1A;ADCY9;GNA11;PDGFD;PRKG2;PRKACB;PRKG1
KEGG_2021_Human,Neuroactive ligand-receptor interaction,41/341,0.0005253432565325752,0.008259563422151,0,0,1.834521887992174,13.853316247669763,CHRM2;VIPR1;ADCYAP1R1;CHRNA3;VIPR2;THRB;NPY4R;GRIK5;PTGER3;NPY2R;LPAR1;GRIK3;HTR2B;PTH1R;ADRB2;NR3C1;GHR;UCN3;CNR1;NPY;ADORA3;P2RY1;CTSG;INSL5;PTGDR;EDN2;EDN3;P2RY14;GLP2R;TACR2;NPY1R;GCG;ADRA2A;PYY;P2RX4;SST;LEP;P2RX1;AGTR1;F2RL1;VIP
KEGG_2021_Human,PPAR signaling pathway,14/74,0.0005616738107682651,0.0083659836024957,0,0,3.111558752997602,23.28873930064764,ADIPOQ;AQP7;SORBS1;FABP1;FABP2;FABP4;CPT2;ACOX1;PLIN4;CD36;HMGCS2;PLIN1;PCK1;RXRG
KEGG_2021_Human,Salivary secretion,16/93,0.0007058401977220463,0.0099876387977669,0,0,2.7724091470489167,20.11693815911688,AMY2B;PRKCB;ITPR1;ATP2B4;ATP1A2;ADRB2;BEST2;RYR3;ADCY5;SLC9A1;ADCY9;KCNMA1;PRKG2;CALM1;PRKACB;PRKG1
KEGG_2021_Human,Retinol metabolism,13/68,0.0007887317790373862,0.0106290996889323,0,0,3.1505522514868307,22.510961256526624,UGT1A10;UGT1A1;ADH1C;RETSAT;ADH1B;HSD17B6;CYP3A4;DHRS9;AOX1;UGT2A3;RDH5;UGT1A9;UGT1A8
KEGG_2021_Human,Steroid hormone biosynthesis,12/61,0.000952823682195575,0.0122567773664248,0,0,3.26301900070373,22.69782344513645,UGT1A10;HSD11B2;DHRS11;UGT1A1;HSD3B2;HSD17B2;UGT2A3;AKR1C2;HSD17B6;CYP3A4;UGT1A9;UGT1A8
KEGG_2021_Human,Aldosterone synthesis and secretion,16/98,0.0012627243957619,0.0155370001739406,0,0,2.6026569199409573,17.3713911195843,HSD3B2;PRKCB;NPR1;PDE2A;ITPR1;ATP2B4;ATP1A2;CACNA1H;ADCY5;ADCY9;CREB3L3;GNA11;AGTR1;CALM1;PRKACB;KCNK3
KEGG_2021_Human,Apelin signaling pathway,20/137,0.0014212515728108,0.0161721197259434,0,0,2.282372412430216,14.963729737944917,RYR2;MEF2C;PRKAA2;ITPR1;SLC8A1;RYR3;GNAI1;MYLK;SLC9A1;ADCY5;ACTA2;GNG3;ADCY9;GNG2;GNG7;AGTR1;PLIN1;CALM1;PRKACB;PPARGC1A
KEGG_2021_Human,Hypertrophic cardiomyopathy,15/90,0.0014286324846239,0.0161721197259434,0,0,2.666810655147588,17.47037686520511,RYR2;PRKAA2;ITGB3;CACNA2D1;TPM2;TPM1;ATP2A3;SLC8A1;CACNB2;SGCD;DES;SGCA;ITGA8;ITGA7;DMD
KEGG_2021_Human,Cortisol synthesis and secretion,12/65,0.0016998323005418,0.0185020208097439,0,0,3.016102797657775,19.234368213313264,ADCY9;CREB3L3;HSD3B2;GNA11;AGTR1;ITPR1;PDE8A;PRKACB;CACNA1H;PBX1;KCNK3;ADCY5
KEGG_2021_Human,Pentose and glucuronate interconversions,8/34,0.0020234591330512,0.0212088494316107,0,0,4.09301300418779,25.38874187584375,UGT1A10;UGDH;UGP2;AKR1B10;UGT1A1;UGT2A3;UGT1A9;UGT1A8
KEGG_2021_Human,Metabolism of xenobiotics by cytochrome P450,13/76,0.0022802709057765,0.0230470237976699,0,0,2.7492953567719924,16.72523114845155,UGT1A10;GSTM3;GSTM2;UGT1A1;ADH1C;ADH1B;CYP3A4;HPGDS;GSTA1;UGT2A3;UGT1A9;UGT1A8;GSTM5
KEGG_2021_Human,Insulin secretion,14/86,0.0025479597492865,0.0243437938555962,0,0,2.591286970423661,15.47636383879084,RYR2;SNAP25;ADCYAP1R1;PRKCB;ATP1A2;GCG;ADCY5;ADCY9;CREB3L3;GNA11;KCNMB1;KCNMA1;KCNN3;PRKACB
KEGG_2021_Human,Fat digestion and absorption,9/43,0.0025806141896391,0.0243437938555962,0,0,3.522201138519924,20.99136021987818,FABP1;PNLIPRP2;FABP2;PLA2G2D;MOGAT2;PLA2G10;PLA2G5;CD36;ACAT1
KEGG_2021_Human,Tyrosine metabolism,8/36,0.0029762211867141,0.0271700192206482,0,0,3.8002455996725337,22.10641187492761,AOC3;TPO;ADH1C;MAOB;HGD;ADH1B;MAOA;AOX1
KEGG_2021_Human,Aldosterone-regulated sodium reabsorption,8/37,0.0035675931007224,0.0299845356684915,0,0,3.669005039027764,20.678013826368574,HSD11B2;SCNN1G;PRKCB;SCNN1B;NEDD4L;ATP1A2;SGK1;NR3C2
KEGG_2021_Human,Cell adhesion molecules,20/148,0.0035885715974459,0.0299845356684915,0,0,2.084989161849711,11.738491148306728,CADM3;NLGN1;NLGN4X;NEGR1;NRXN1;NRXN3;CLDN11;CLDN5;NFASC;MPZ;CLDN8;CLDN23;CNTN1;ITGA8;MADCAM1;NCAM1;SIGLEC1;CD22;JAM2;JAM3
KEGG_2021_Human,Sulfur metabolism,4/10,0.0036023823771332,0.0299845356684915,0,0,8.852380952380953,49.80491056533384,SELENBP1;TST;ETHE1;PAPSS2
KEGG_2021_Human,Proximal tubule bicarbonate reclamation,6/23,0.0042329012778071,0.034032628360979,0,0,4.690482201464277,25.63286439762764,SLC9A3;CA2;CA4;ATP1A2;PCK1;SLC4A4
KEGG_2021_Human,Morphine addiction,14/91,0.004329238943446,0.034032628360979,0,0,2.4223675604970567,13.18340483372262,PRKCB;PDE4D;PDE2A;GNAI1;ADCY5;GNAO1;GNG3;ADCY9;GNG2;GNG7;PDE3A;PDE7B;PDE8A;PRKACB
KEGG_2021_Human,Dopaminergic synapse,18/132,0.0050439160113337,0.0382352775295313,0,0,2.1054910002278424,11.137147319533398,MAOB;PRKCB;MAOA;ITPR1;PPP2R3A;GNAI1;ADCY5;GNAO1;MAPK10;GNG3;GNG2;CREB3L3;CALY;PPP2R2B;GNG7;KIF5A;CALM1;PRKACB
KEGG_2021_Human,Nitrogen metabolism,5/17,0.0051340655340006,0.0382352775295313,0,0,5.534905885156064,29.179234725574883,CA12;CA1;CA2;CA4;CA7
KEGG_2021_Human,Caffeine metabolism,3/6,0.0058764156834815,0.0424611992175123,0,0,13.27123483226267,68.17178897987245,NAT1;NAT2;XDH
KEGG_2021_Human,Leukocyte transendothelial migration,16/114,0.0060015829282702,0.0424611992175123,0,0,2.1758513203552314,11.13107227719894,NCF1;PRKCB;GNAI1;CLDN11;CLDN5;RAP1A;CXCL12;CLDN8;CLDN23;PTK2B;CTNNA3;CTNNA2;MYL9;VCL;JAM2;JAM3
KEGG_2021_Human,Gastric acid secretion,12/76,0.006439367358968,0.044447340550926,0,0,2.496228448275862,12.594283745564423,ADCY9;CA2;PRKCB;SST;ITPR1;ATP1A2;CALM1;PRKACB;GNAI1;MYLK;ADCY5;SLC9A1
KEGG_2021_Human,"Parathyroid hormone synthesis, secretion and action",15/106,0.0070982185589103,0.0478284726707532,0,0,2.196022120428168,10.86572295813374,MEF2C;PRKCB;PDE4D;ITPR1;PTH1R;GNAI1;ADCY5;ADCY9;CREB3L3;BGLAP;GNA11;BCL2;PRKACB;RXRG;FGFR1
KEGG_2021_Human,Adipocytokine signaling pathway,11/69,0.0082746357674746,0.0544586493533796,0,0,2.5239250439389065,12.10111100438974,MAPK10;PRKAA2;NPY;LEP;ADIPOQ;SLC2A4;CD36;PCK1;ACACB;PPARGC1A;RXRG
KEGG_2021_Human,Purine metabolism,17/129,0.0088388889905943,0.0567825846808131,0,0,2.0227881347203627,9.56494401921742,ENTPD3;NPR1;ENTPD5;PDE4D;PDE2A;URAD;ENTPD8;AMPD1;PAPSS2;ADCY5;ADCY9;PDE3A;PDE5A;PDE7B;PDE8A;XDH;PDE9A
KEGG_2021_Human,Hematopoietic cell lineage,14/99,0.0091609019034508,0.0567825846808131,0,0,2.193432077867118,10.293361402054227,CR2;IL11RA;IL1R2;ITGB3;CD1C;FCER2;ANPEP;CD19;KIT;CD37;CD36;IL6R;MS4A1;CD22
KEGG_2021_Human,Fatty acid degradation,8/43,0.0092296780753265,0.0567825846808131,0,0,3.039050347932869,14.238957137458495,ACAA2;ADH1C;CPT2;ADH1B;ACOX1;ECI2;ACADS;ACAT1
KEGG_2021_Human,Oxytocin signaling pathway,19/154,0.0116564150415526,0.0701864990799873,0,0,1.875967375317556,8.351616537782727,RYR2;MEF2C;PRKAA2;PRKCB;NPR1;CACNA2D1;ITPR1;RYR3;GNAI1;MYLK;ADCY5;GNAO1;CACNB2;MYL6;ADCY9;CALM1;PPP1R12B;PRKACB;MYL9
KEGG_2021_Human,ABC transporters,8/45,0.0121237790083183,0.0714797804032101,0,0,2.874467590799969,12.68383702260165,ABCA10;ABCB1;ABCA5;ABCA6;ABCA9;ABCA8;ABCB11;ABCG2
KEGG_2021_Human,Cholinergic synapse,15/113,0.0125680503446815,0.0725869030111197,0,0,2.038392030678362,8.921221205089964,CHRM2;CHRNA3;PRKCB;ITPR1;GNAI1;ADCY5;GNAO1;GNG3;ADCY9;GNG2;CREB3L3;GNA11;GNG7;BCL2;PRKACB
KEGG_2021_Human,Platelet activation,16/124,0.0131609585868686,0.0744910256016765,0,0,1.973316255737005,8.545447061313114,P2RY12;ITGB3;ITPR1;RASGRP2;GNAI1;MYLK;ADCY5;PTGS1;ADCY9;RAP1A;P2RX1;P2RY1;BTK;PRKG2;PRKACB;PRKG1
KEGG_2021_Human,Chemokine signaling pathway,22/192,0.0159253894250264,0.0873768837431272,0,0,1.725427768792032,7.142995971250808,CCL14;CCL13;CCL23;NCF1;CCL21;PRKCB;CXCR5;CXCL13;RASGRP2;GNAI1;ADCY5;GNG3;ADCY9;RAP1A;CXCL12;CCL8;GNG2;GNG7;PTK2B;CCL19;PRKACB;CCL28
KEGG_2021_Human,PI3K-Akt signaling pathway,36/354,0.0162220782383862,0.0873768837431272,0,0,1.5125786163522013,6.233914449955095,PHLPP2;CHRM2;TNXB;PRKAA2;ITGB3;LAMA3;LPAR1;EFNA5;FGF2;THBS4;GHR;TCL1A;GNG3;RELN;GNG2;CREB3L3;CD19;PDGFD;GNG7;CHAD;PCK1;IL6R;ANGPT1;MAGI2;PPP2R3A;PPP2R2B;KIT;COL4A6;BCL2;ITGA8;ITGA7;SGK1;SGK2;FGFR2;FGF10;FGFR1
KEGG_2021_Human,Ascorbate and aldarate metabolism,6/30,0.0163638686868754,0.0873768837431272,0,0,3.321173104434907,13.658920554051416,UGT1A10;UGDH;UGT1A1;UGT2A3;UGT1A9;UGT1A8
KEGG_2021_Human,Glutathione metabolism,9/57,0.0171095871578613,0.0896669104754587,0,0,2.493010752688172,10.141857729130487,GSTM3;HPGDS;GSTM2;GGT6;GPX3;ANPEP;GSTA1;PRDX6;GSTM5
KEGG_2021_Human,Thyroid hormone signaling pathway,15/121,0.022335950432465,0.1149286176797748,0,0,1.8837360935653449,7.161131586101957,THRB;PRKCB;ITGB3;ATP2A3;ATP1A2;SLC9A1;KAT2B;PLN;RCAN2;PLCE1;PLCD3;PRKACB;RXRG;PLCD4;PLCD1
KEGG_2021_Human,Focal adhesion,22/201,0.0255197669256295,0.1277255755077463,0,0,1.6378740227506083,6.008216477333867,TNXB;PRKCB;CAV1;ITGB3;LAMA3;THBS4;MYLK;MAPK10;RELN;RAP1A;PDGFD;CHAD;CAPN2;COL4A6;BCL2;ITGA8;FLNA;ITGA7;FLNC;PPP1R12B;MYL9;VCL
KEGG_2021_Human,Arachidonic acid metabolism,9/61,0.0257256459503234,0.1277255755077463,0,0,2.300744416873449,8.421338606256052,HPGDS;PLA2G2D;PTGIS;GPX3;EPHX2;PLA2G10;PLA2G5;PTGDS;PTGS1
KEGG_2021_Human,Cytokine-cytokine receptor interaction,30/295,0.0263590368894632,0.1285616029056371,0,0,1.5103402817829776,5.491512846862606,ACVRL1;CCL14;CNTFR;CCL13;TNFRSF13B;CXCR5;TNFRSF13C;TNFRSF11A;CXCL13;GHR;ACVR1C;CCL8;TNFRSF17;CCL19;IL6R;CCL23;CCL21;IL11RA;IL1R2;TNFSF12;IL16;LIFR;BMP5;BMP3;BMP2;CXCL12;LEP;CD27;IL6ST;CCL28
KEGG_2021_Human,Serotonergic synapse,14/113,0.0268025956587724,0.1285616029056371,0,0,1.8818254487319237,6.8108090685134,TPH1;MAOB;PRKCB;MAOA;ITPR1;HTR2B;GNAI1;ADCY5;PTGS1;GNAO1;GNG3;GNG2;GNG7;PRKACB
KEGG_2021_Human,Glutamatergic synapse,14/114,0.0286561447819767,0.1351614828883238,0,0,1.862906474820144,6.617765453623291,PRKCB;GRIK5;SLC1A1;ITPR1;GRIK3;GNAI1;ADCY5;GNAO1;GNG3;ADCY9;GNG2;GNG7;SLC17A8;PRKACB
KEGG_2021_Human,Proteoglycans in cancer,22/205,0.0309885797562425,0.1437666896887973,0,0,1.6017255422963472,5.564613229268054,HPSE2;WNT5B;PRKCB;CAV1;ITGB3;RDX;GAB1;ITPR1;HSPB2;ANK2;ANK3;WNT9A;FGF2;DCN;SLC9A1;PDCD4;PLCE1;FLNA;FLNC;PPP1R12B;PRKACB;FGFR1
KEGG_2021_Human,Regulation of actin cytoskeleton,23/218,0.0330730474508739,0.1509624585257635,0,0,1.571596204905401,5.3576289903472025,CHRM2;GSN;ITGB3;RDX;LPAR1;IQGAP2;FGF2;MYLK;SLC9A1;SCIN;CXCL12;PDGFD;CFL2;ITGA8;ITGA7;MYH11;PPP1R12B;MYL9;VCL;FGFR2;ARHGEF6;FGF10;FGFR1
KEGG_2021_Human,Thyroid hormone synthesis,10/75,0.0363086521518696,0.1631007707774462,0,0,2.0451385056836995,6.781064137496276,TPO;ADCY9;TTR;CREB3L3;GPX3;PRKCB;ITPR1;ATP1A2;PRKACB;ADCY5
KEGG_2021_Human,Rap1 signaling pathway,22/210,0.0390122450840583,0.1725072712310707,0,0,1.558703082181236,5.056245295372691,ANGPT1;PRKCB;ITGB3;MAGI2;LPAR1;EFNA5;RASGRP2;FGF2;GNAI1;ADCY5;GNAO1;ADCY9;RAP1A;CNR1;PDGFD;KIT;P2RY1;PLCE1;CALM1;FGFR2;FGF10;FGFR1
KEGG_2021_Human,Cardiac muscle contraction,11/87,0.0407106618907083,0.1772479586933916,0,0,1.924283069482752,6.160140536744978,RYR2;CACNB2;CACNA2D1;TPM2;TPM1;ATP2A3;CASQ2;ATP1A2;COX7A1;SLC8A1;SLC9A1
KEGG_2021_Human,Cushing syndrome,17/155,0.0446916878555204,0.1916325403501862,0,0,1.639373896325089,5.095121197788882,CDKN2B;WNT5B;HSD3B2;ITPR1;WNT9A;CACNA1H;PBX1;GNAI1;ADCY5;ADCY9;RAP1A;CREB3L3;GNA11;AGTR1;PDE8A;PRKACB;KCNK3
KEGG_2021_Human,GABAergic synapse,11/89,0.0468370506949027,0.1969097712614836,0,0,1.8747400003681407,5.738730447189202,GNAO1;GNG3;ADCY9;GNG2;PRKCB;GNG7;PLCL1;PRKACB;GNAI1;ADCY5;TRAK2
KEGG_2021_Human,Viral protein interaction with cytokine and cytokine receptor,12/100,0.0473140086423352,0.1969097712614836,0,0,1.813087774294671,5.531638080843333,CCL14;CCL13;CCL23;CXCL12;CCL8;CCL21;CXCR5;CCL19;CXCL13;IL6ST;IL6R;CCL28
KEGG_2021_Human,Intestinal immune network for IgA production,7/48,0.0488454531517406,0.2003371484339507,0,0,2.267664158388184,6.846291215099535,PIGR;CXCL12;TNFRSF13B;TNFRSF17;MADCAM1;TNFRSF13C;CCL28
KEGG_2021_Human,Melanogenesis,12/101,0.0504159835564704,0.2038246192354449,0,0,1.792619139868268,5.355354707617129,GNAO1;ADCY9;CREB3L3;WNT5B;PRKCB;KIT;MITF;WNT9A;CALM1;PRKACB;GNAI1;ADCY5
KEGG_2021_Human,Cocaine addiction,7/49,0.0536821058494428,0.2111174716020865,0,0,2.213552851348127,6.473923919359947,CREB3L3;MAOB;MAOA;PRKACB;RGS9;GNAI1;ADCY5
KEGG_2021_Human,Axon guidance,19/182,0.0537118655666085,0.2111174716020865,0,0,1.5513587738920511,4.536361299221435,EPHA4;EPHA7;SEMA6A;WNT5B;SEMA6D;SEMA3G;UNC5C;SEMA3E;EFNA5;NTN1;GNAI1;RGMA;CXCL12;CFL2;BOC;SLIT3;SLIT2;MYL9;EPHA3
KEGG_2021_Human,Protein digestion and absorption,12/103,0.0570286537142775,0.2210836849471306,0,0,1.7530314513073133,5.0210352084540855,COL28A1;SLC36A1;SLC9A3;SLC15A1;SLC6A19;MEP1B;MEP1A;SLC1A1;COL4A6;COL21A1;ATP1A2;SLC8A1
KEGG_2021_Human,Histidine metabolism,4/22,0.064192526186762,0.2454930393358604,0,0,2.948888888888889,8.097261079329597,AOC1;MAOB;MAOA;ASPA
KEGG_2021_Human,Tryptophan metabolism,6/42,0.0712896425138039,0.2689995844187536,0,0,2.212684787792084,5.843709880675505,TPH1;AOC1;MAOB;MAOA;AOX1;ACAT1
KEGG_2021_Human,Renin-angiotensin system,4/23,0.0735662575639705,0.2739375117184693,0,0,2.793533834586466,7.289918779451683,CMA1;ANPEP;AGTR1;CTSG
KEGG_2021_Human,Endocrine and other factor-regulated calcium reabsorption,7/53,0.0759351370302097,0.2758147761275679,0,0,2.020634278422707,5.20894413269576,ADCY9;PRKCB;ATP2B4;ATP1A2;PTH1R;PRKACB;SLC8A1
KEGG_2021_Human,Insulin resistance,12/108,0.0760196202754427,0.2758147761275679,0,0,1.661278735632184,4.280722925121525,MAPK10;PRKAA2;CREB3L3;PPP1R3C;PRKCB;PYGM;SLC2A4;CD36;PCK1;ACACB;PPARGC1A;PPARGC1B
KEGG_2021_Human,Porphyrin and chlorophyll metabolism,6/43,0.078169927752162,0.2800264500488842,0,0,2.1527665004059853,5.487122511740955,UGT1A10;UGT1A1;UGT2A3;UGT1A9;UGT1A8;CP
KEGG_2021_Human,ECM-receptor interaction,10/88,0.0885073114419582,0.3130946142259272,0,0,1.7030864878784535,4.129422910789325,TNXB;RELN;ITGB3;LAMA3;CHAD;COL4A6;ITGA8;ITGA7;CD36;THBS4
KEGG_2021_Human,Ras signaling pathway,22/232,0.0927671713311094,0.3241124627988144,0,0,1.3937426779684376,3.3138496428903514,PLA2G2D;ANGPT1;PRKCB;GAB1;PLA2G5;EFNA5;RASGRP2;FGF2;MAPK10;GNG3;RAP1A;GNG2;PDGFD;GNG7;KIT;PLA2G10;PLCE1;CALM1;PRKACB;FGFR2;FGF10;FGFR1
KEGG_2021_Human,alpha-Linolenic acid metabolism,4/25,0.0942440757892932,0.3252569932728048,0,0,2.527210884353741,5.968936775699319,PLA2G2D;ACOX1;PLA2G10;PLA2G5
KEGG_2021_Human,Estrogen signaling pathway,14/137,0.1005705665324326,0.342909281068415,0,0,1.512674738258174,3.4744560160754245,ITPR1;KRT24;HSPA2;KRT20;GNAI1;ADCY5;GNAO1;ADCY9;CREB3L3;GPER1;BCL2;CALM1;PRKACB;FKBP5
KEGG_2021_Human,Mucin type O-glycan biosynthesis,5/36,0.1048862864842642,0.3471745525598732,0,0,2.1403537088703914,4.826237563826878,GALNT16;GALNT15;B3GNT6;GCNT3;GCNT4
KEGG_2021_Human,Starch and sucrose metabolism,5/36,0.1048862864842642,0.3471745525598732,0,0,2.1403537088703914,4.826237563826878,UGP2;AMY2B;SI;PYGM;GBA3
KEGG_2021_Human,Folate biosynthesis,4/26,0.1055018074916929,0.3471745525598732,0,0,2.412207792207792,5.425120921265252,TPH1;AKR1B10;ALPI;MOCS1
KEGG_2021_Human,Pyruvate metabolism,6/47,0.1092448749380348,0.3553597656030328,0,0,1.9423217837328588,4.3006177218777095,ADH1C;ADH1B;LDHD;PCK1;ACACB;ACAT1
KEGG_2021_Human,Phenylalanine metabolism,3/17,0.1124278164368942,0.3615576369504668,0,0,2.8421535637809727,6.211367154456777,AOC3;MAOB;MAOA
KEGG_2021_Human,Biosynthesis of unsaturated fatty acids,4/27,0.1173359520078083,0.368956382424553,0,0,2.307204968944099,4.943680558681146,ACOX1;ACOT1;ELOVL6;HACD4
KEGG_2021_Human,Fatty acid elongation,4/27,0.1173359520078083,0.368956382424553,0,0,2.307204968944099,4.943680558681146,ACAA2;ACOT1;ELOVL6;HACD4
KEGG_2021_Human,Relaxin signaling pathway,13/129,0.1196074905895362,0.3719661520531731,0,0,1.4888817273606187,3.161699619061341,GNAI1;ADCY5;GNAO1;ACTA2;MAPK10;GNG3;ADCY9;GNG2;CREB3L3;GNG7;COL4A6;PRKACB;INSL5
KEGG_2021_Human,Primary immunodeficiency,5/38,0.1248516513154782,0.3834011206451303,0,0,2.010418697337925,4.182935516094689,CD79A;TNFRSF13B;CD19;BTK;TNFRSF13C
KEGG_2021_Human,Long-term depression,7/60,0.1259940078445127,0.3834011206451303,0,0,1.7530962574789644,3.6315755895866175,GNAO1;PRKCB;GNA11;ITPR1;PRKG2;PRKG1;GNAI1
KEGG_2021_Human,"Growth hormone synthesis, secretion and action",12/119,0.1305425749237596,0.39301647556834,0,0,1.4896068320979696,3.0329227207794296,SOCS2;GHR;MAPK10;ADCY9;CREB3L3;PRKCB;SST;GNA11;ITPR1;PRKACB;GNAI1;ADCY5
KEGG_2021_Human,Linoleic acid metabolism,4/29,0.1426100408838201,0.4248278060012747,0,0,2.1224,4.133674023633018,PLA2G2D;PLA2G10;PLA2G5;CYP3A4
KEGG_2021_Human,Ovarian steroidogenesis,6/51,0.1456903280637558,0.4294829462712802,0,0,1.7692894611349548,3.4081326613447054,ADCY9;HSD3B2;HSD17B2;ACOT1;PRKACB;ADCY5
KEGG_2021_Human,Inflammatory mediator regulation of TRP channels,10/98,0.1493140423027049,0.4356275667182008,0,0,1.5087387504891092,2.8691737994884177,MAPK10;ADCY9;PRKCB;ITPR1;HTR2B;TRPV3;F2RL1;CALM1;PRKACB;ADCY5
KEGG_2021_Human,Synthesis and degradation of ketone bodies,2/10,0.1524024182570431,0.4401008608851346,0,0,3.3145506419400856,6.235434649801721,HMGCS2;ACAT1
KEGG_2021_Human,Retrograde endocannabinoid signaling,14/148,0.1569430551225092,0.4486351979764658,0,0,1.387673145066037,2.569793383386771,PRKCB;ITPR1;GNAI1;ADCY5;GNAO1;MAPK10;GNG3;ADCY9;GNG2;CNR1;GNG7;SLC17A8;PRKACB;MGLL
KEGG_2021_Human,Insulin signaling pathway,13/137,0.1652383764619303,0.4676246053872629,0,0,1.3922218872475127,2.506509147722204,PRKAA2;PYGM;SLC2A4;SORBS1;ACACB;SOCS2;MAPK10;PPP1R3C;PRKAR2B;PCK1;CALM1;PRKACB;PPARGC1A
KEGG_2021_Human,Circadian rhythm,4/31,0.169801168471468,0.4757795116576778,0,0,1.964973544973545,3.484147889888861,PER1;PRKAA2;PER3;BHLHE41
KEGG_2021_Human,Fluid shear stress and atherosclerosis,13/139,0.1778632475506234,0.4854105906409132,0,0,1.3699747811897345,2.36559065938943,GSTM3;MEF2C;GSTM2;PRKAA2;NCF1;IL1R2;CAV1;ITGB3;MAPK10;GSTA1;BCL2;CALM1;GSTM5
KEGG_2021_Human,Taurine and hypotaurine metabolism,2/11,0.1780014567319401,0.4854105906409132,0,0,2.9461087335552385,5.084876273239992,GGT6;CDO1
KEGG_2021_Human,Amoebiasis,10/102,0.1783841039811129,0.4854105906409132,0,0,1.4428295178092445,2.487172847655203,C8G;PRKCB;IL1R2;GNA11;LAMA3;COL4A6;CTSG;CD1C;PRKACB;VCL
KEGG_2021_Human,Pathways in cancer,43/531,0.1829204315958343,0.4930141156344868,0,0,1.172360005299864,1.9914926547300005,HHIP;PTGER3;LAMA3;LPAR1;RASGRP2;FGF2;GLI3;GNAI1;ADCY5;CASP7;GNG3;GNG2;GNA11;GNG7;CTNNA3;CTNNA2;PRKACB;RXRG;IL6R;HES5;GSTM3;GSTM2;CDKN2B;WNT5B;PRKCB;ZBTB16;MITF;WNT9A;MAPK10;BMP2;ADCY9;CXCL12;KIT;GSTA1;AGTR1;BCL2;COL4A6;IL6ST;CALM1;FGFR2;GSTM5;FGF10;FGFR1
KEGG_2021_Human,Hedgehog signaling pathway,6/56,0.1978166156038148,0.5233129808255164,0,0,1.591931330472103,2.579589186034188,SCUBE2;HHIP;BOC;BCL2;PRKACB;GLI3
KEGG_2021_Human,Terpenoid backbone biosynthesis,3/22,0.1978603849764319,0.5233129808255164,0,0,2.093654908148315,3.392126331756452,HMGCS2;ACAT1;DHDDS
KEGG_2021_Human,GnRH signaling pathway,9/93,0.2048432279497394,0.5367651250905209,0,0,1.4218125960061443,2.2542985641446425,MAPK10;ADCY9;PRKCB;GNA11;ITPR1;PTK2B;CALM1;PRKACB;ADCY5
KEGG_2021_Human,B cell receptor signaling pathway,8/81,0.2073495550220163,0.5375346830434057,0,0,1.4540958511598696,2.2878005998602577,CD79B;CD79A;CR2;PRKCB;CD19;BTK;LILRB5;CD22
KEGG_2021_Human,Amphetamine addiction,7/69,0.2089357425257053,0.5375346830434057,0,0,1.497887177592537,2.3452846831663496,CREB3L3;MAOB;PRKCB;MAOA;CALM1;PRKACB;ADCY5
KEGG_2021_Human,Propanoate metabolism,4/34,0.2135539578214717,0.5444663969682569,0,0,1.768190476190476,2.7298487128398703,ACOX1;ACACB;ACADS;ACAT1
KEGG_2021_Human,Peroxisome,8/82,0.2167495330794803,0.5460819745056766,0,0,1.4343684658870903,2.193167769377898,DAO;ACOX1;PEX11A;EPHX2;ECI2;CROT;XDH;PEX26
KEGG_2021_Human,Glucagon signaling pathway,10/107,0.2180468661453762,0.5460819745056766,0,0,1.368087088997027,2.0836585520327646,PRKAA2;CREB3L3;ITPR1;PYGM;GCG;PCK1;CALM1;PRKACB;ACACB;PPARGC1A
KEGG_2021_Human,AMPK signaling pathway,11/120,0.221365719537334,0.5495306897286449,0,0,1.339311235074455,2.0195997860281576,PRKAA2;CREB3L3;PPP2R2B;LEP;ADIPOQ;SLC2A4;CD36;PPP2R3A;PCK1;ACACB;PPARGC1A
KEGG_2021_Human,Phosphatidylinositol signaling system,9/97,0.2403887324938763,0.5915653156153652,0,0,1.356891495601173,1.9342460416140972,PRKCB;ITPKA;ITPR1;PLCE1;CALM1;PLCD3;PLCD4;IP6K3;PLCD1
KEGG_2021_Human,"Valine, leucine and isoleucine degradation",5/48,0.2456136832333752,0.5992126927159068,0,0,1.5420483069301991,2.165028684433943,ACAA2;AOX1;HMGCS2;ACADS;ACAT1
KEGG_2021_Human,"Alanine, aspartate and glutamate metabolism",4/37,0.259977987336996,0.6288356445843579,0,0,1.6071861471861473,2.165134182962094,GPT;RIMKLA;RIMKLB;ASPA
KEGG_2021_Human,AGE-RAGE signaling pathway in diabetic complications,9/100,0.2683582416263806,0.6379874697332997,0,0,1.3119461183977312,1.725776521197949,MAPK10;PRKCB;AGTR1;COL4A6;BCL2;PLCE1;PLCD3;PLCD4;PLCD1
KEGG_2021_Human,Phagosome,13/152,0.2700082356882903,0.6379874697332997,0,0,1.2409735762791636,1.624810200361417,COLEC12;NCF1;TUBAL3;ITGB3;THBS4;TUBB6;TUBB2B;TUBA1A;CD209;MRC1;CD36;RILP;DYNC1I1
KEGG_2021_Human,Arginine and proline metabolism,5/50,0.2727790948329656,0.6379874697332997,0,0,1.4733539830037328,1.9140238278572832,AOC1;DAO;MAOB;MAOA;CKB
KEGG_2021_Human,Malaria,5/50,0.2727790948329656,0.6379874697332997,0,0,1.4733539830037328,1.9140238278572832,GYPC;KLRB1;CD36;ACKR1;THBS4
KEGG_2021_Human,Wnt signaling pathway,14/166,0.2766905975738847,0.6418314681426998,0,0,1.2221507004922378,1.5702868945651376,TLE4;WNT5B;PRKCB;WNT9A;MAPK10;SFRP1;SOX17;DAAM2;SFRP5;RSPO2;RSPO3;ROR1;ROR2;PRKACB
KEGG_2021_Human,Longevity regulating pathway,9/102,0.287523929342271,0.6615387967793714,0,0,1.283593479014915,1.5999340518396838,ADCY9;PRKAA2;CREB3L3;ADIPOQ;HSPA2;PRKACB;PPARGC1A;CRYAB;ADCY5
KEGG_2021_Human,GnRH secretion,6/64,0.2923844620763884,0.6672967965130479,0,0,1.3717626165458043,1.6868368621016578,PRKCB;GPER1;GNA11;ITPR1;KCNN3;CACNA1H
KEGG_2021_Human,Bacterial invasion of epithelial cells,7/77,0.2954574263540838,0.6689156132656456,0,0,1.326127415891195,1.6168550265115371,ARHGAP10;ARHGEF26;CAV1;GAB1;CTNNA3;CTNNA2;VCL
KEGG_2021_Human,NF-kappa B signaling pathway,9/104,0.3070374923255841,0.6865354657860941,0,0,1.256434634974533,1.4835796906380918,CCL13;CXCL12;CCL21;PRKCB;BTK;BCL2;TNFRSF11A;TNFRSF13C;CCL19
KEGG_2021_Human,"Glycine, serine and threonine metabolism",4/40,0.3080918874729115,0.6865354657860941,0,0,1.4730158730158731,1.7342658505130306,AOC3;DAO;MAOB;MAOA
KEGG_2021_Human,Butanoate metabolism,3/28,0.3135253678453429,0.6878114658932716,0,0,1.5906638115631693,1.844971194824773,HMGCS2;ACADS;ACAT1
KEGG_2021_Human,Phototransduction,3/28,0.3135253678453429,0.6878114658932716,0,0,1.5906638115631693,1.844971194824773,CNGA1;CALM1;RGS9
KEGG_2021_Human,Human cytomegalovirus infection,18/225,0.3168053619429386,0.6896609033065509,0,0,1.1537110232762406,1.3261535493063918,PRKCB;ITGB3;PTGER3;ITPR1;GNAI1;ADCY5;GNAO1;GNG3;ADCY9;CXCL12;GNG2;CREB3L3;GNA11;GNG7;PTK2B;CALM1;PRKACB;IL6R
KEGG_2021_Human,Long-term potentiation,6/67,0.3300474707587384,0.713003314692542,0,0,1.304087806937311,1.4456058300837276,RAP1A;PPP1R1A;PRKCB;ITPR1;CALM1;PRKACB
KEGG_2021_Human,beta-Alanine metabolism,3/30,0.3529422348254567,0.7473740138556866,0,0,1.4726782456975176,1.5337220492842314,AOC3;ACOX1;ACADS
KEGG_2021_Human,Gastric cancer,12/149,0.3538441793240921,0.7473740138556866,0,0,1.1615278127359678,1.2067096581822354,CDKN2B;ABCB1;WNT5B;BCL2;GAB1;CTNNA3;WNT9A;CTNNA2;FGF2;RXRG;FGFR2;FGF10
KEGG_2021_Human,Vitamin B6 metabolism,1/6,0.3538802751118798,0.7473740138556866,0,0,2.650178189593728,2.752996169470808,AOX1
KEGG_2021_Human,Other glycan degradation,2/18,0.3636171846515932,0.7587195081539153,0,0,1.656562054208274,1.675867057333834,NEU4;FUCA1
KEGG_2021_Human,Thermogenesis,18/232,0.3646143219396907,0.7587195081539153,0,0,1.1155480033984706,1.1254932658647123,PRKAA2;NPR1;GCG;COX7A1;ADCY5;ADCY9;CREB3L3;CPT2;CNR1;DPF3;PRKG2;PLIN1;SLC25A20;PRKACB;PPARGC1A;MGLL;PRKG1;FGFR1
KEGG_2021_Human,Prostate cancer,8/97,0.3716944300112872,0.7600250127732803,0,0,1.1916551302276166,1.1793610470456246,ZEB1;CREB3L3;IL1R2;PDGFD;BCL2;TMPRSS2;FGFR2;FGFR1
KEGG_2021_Human,Galactose metabolism,3/31,0.3725644874160204,0.7600250127732803,0,0,1.4200061180789232,1.4020361331595252,UGP2;AKR1B10;SI
KEGG_2021_Human,Vasopressin-regulated water reabsorption,4/44,0.3732985045070174,0.7600250127732803,0,0,1.3254285714285714,1.3060466958413952,ADCY9;CREB3L3;PRKACB;DYNC1I1
KEGG_2021_Human,Complement and coagulation cascades,7/85,0.3880909067331984,0.7819331779439478,0,0,1.1896004258208983,1.1259754453839723,CFD;CR2;C8G;C7;F13A1;MASP1;CLU
KEGG_2021_Human,Glycosphingolipid biosynthesis,4/45,0.3895850815904475,0.7819331779439478,0,0,1.2930313588850175,1.2189057495956193,B3GALT1;GCNT2;B3GALT5;ST6GALNAC6
KEGG_2021_Human,Notch signaling pathway,5/59,0.3998043623022643,0.7967932009263438,0,0,1.227199322267228,1.1250717281098868,TLE4;KAT2B;DTX1;DTX3;HES5
KEGG_2021_Human,Type II diabetes mellitus,4/46,0.4058107377892497,0.8031079635969068,0,0,1.2621768707482994,1.1383174237670686,SOCS2;MAPK10;ADIPOQ;SLC2A4
KEGG_2021_Human,MAPK signaling pathway,22/294,0.4095399626972176,0.8048597878007818,0,0,1.0724227462330809,0.9573740827822272,MAP4K1;MEF2C;PTPRR;ANGPT1;PRKCB;CACNA2D1;HSPA2;EFNA5;RASGRP2;FGF2;CACNA1H;MAPK10;CACNB2;RAP1A;PDGFD;KIT;FLNA;FLNC;PRKACB;FGFR2;FGF10;FGFR1
KEGG_2021_Human,Signaling pathways regulating pluripotency of stem cells,11/143,0.4218965272836859,0.8178905038869104,0,0,1.1045704714046425,0.953239004966894,MEIS1;ACVR1C;WNT5B;HOXD1;LIFR;WNT9A;IL6ST;KLF4;FGF2;FGFR2;FGFR1
KEGG_2021_Human,Carbohydrate digestion and absorption,4/47,0.4219505779769926,0.8178905038869104,0,0,1.2327574750830566,1.0637058497803251,AMY2B;PRKCB;SI;ATP1A2
KEGG_2021_Human,Sulfur relay system,1/8,0.4414386580503758,0.8498444913486828,0,0,1.8927807758884023,1.5477575194948563,TST
KEGG_2021_Human,Ether lipid metabolism,4/49,0.4538806956652428,0.8652058590116601,0,0,1.17784126984127,0.9304014363460604,PLA2G2D;PLA2G10;GDPD3;PLA2G5
KEGG_2021_Human,Basal cell carcinoma,5/63,0.4561708268321459,0.8652058590116601,0,0,1.1423184047718813,0.8965919159845557,BMP2;WNT5B;HHIP;WNT9A;GLI3
KEGG_2021_Human,Sphingolipid signaling pathway,9/119,0.4585896779213746,0.8652058590116601,0,0,1.0842228739002933,0.8452595199733152,MAPK10;PRKCB;PPP2R2B;ADORA3;SMPD1;BCL2;FCER1A;PPP2R3A;GNAI1
KEGG_2021_Human,JAK-STAT signaling pathway,12/162,0.4668335042585442,0.8743744028230225,0,0,1.0601149425287355,0.8075771244405352,SOCS2;GHR;CNTFR;IL11RA;LEP;FHL1;BCL2;AOX1;LIFR;IL6ST;SOCS6;IL6R
KEGG_2021_Human,Cysteine and methionine metabolism,4/50,0.4696286545197859,0.8743744028230225,0,0,1.1521739130434785,0.8708280140603523,AHCYL2;TST;BHMT2;CDO1
KEGG_2021_Human,Parkinson disease,18/249,0.4839832820596951,0.8893978494993098,0,0,1.0324956428852532,0.7492871617884443,MAOB;TUBAL3;MAOA;ITPR1;COX7A1;RYR3;GNAI1;ADCY5;MAPK10;UCHL1;TUBB2B;TUBB6;PINK1;TUBA1A;KIF5A;CALM1;PRKACB;SNCA
KEGG_2021_Human,Salmonella infection,18/249,0.4839832820596951,0.8893978494993098,0,0,1.0324956428852532,0.7492871617884443,AHNAK;ARHGEF26;TUBAL3;MAPK10;FYCO1;TUBB2B;TUBB6;CASP7;TUBA1A;CASP5;KIF5A;BCL2;FLNA;FLNC;MYL9;RILP;DYNC1I1;RAB9B
KEGG_2021_Human,TGF-beta signaling pathway,7/94,0.4925719420198458,0.8993410296233315,0,0,1.0660199606710603,0.7548644620718755,GREM2;CDKN2B;BMP2;ACVR1C;DCN;RGMA;BMP5
KEGG_2021_Human,Vitamin digestion and absorption,2/24,0.5099288914050976,0.9250633094079654,0,0,1.2043833484632342,0.8111329049423563,TCN2;SLC23A1
KEGG_2021_Human,Alcoholism,13/186,0.5479265980061968,0.987663867743654,0,0,0.9952460699043812,0.5987539156047326,MAOB;MAOA;HDAC9;GNAI1;ADCY5;GNAO1;GNG3;GNG2;CREB3L3;GNG7;NPY;CALM1;PRKACB
KEGG_2021_Human,Pyrimidine metabolism,4/56,0.5599743357897586,0.9999951623506846,0,0,1.018901098901099,0.5908243982107488,CDA;ENTPD3;ENTPD5;ENTPD8
KEGG_2021_Human,Adherens junction,5/71,0.5633532454577358,0.9999951623506846,0,0,1.0034223579613144,0.5758123280775798,CTNNA3;CTNNA2;SORBS1;VCL;FGFR1
KEGG_2021_Human,Melanoma,5/72,0.5760024123118335,0.9999951623506846,0,0,0.9883925618512156,0.5452402632567858,PDGFD;MITF;FGF2;FGF10;FGFR1
KEGG_2021_Human,Inositol phosphate metabolism,5/73,0.5884554056924507,0.9999951623506846,0,0,0.9738048185678846,0.5163640281999656,ITPKA;PLCE1;PLCD3;PLCD4;PLCD1
KEGG_2021_Human,Hippo signaling pathway,11/163,0.5984375510555194,0.9999951623506846,0,0,0.9581932217478368,0.491968118021656,WWTR1;BMP2;WNT5B;DCHS2;PPP2R2B;CTNNA3;FAT4;WNT9A;CTNNA2;FRMD1;BMP5
KEGG_2021_Human,Viral myocarditis,4/60,0.6153046549642373,0.9999951623506846,0,0,0.9459183673469388,0.4593736769734314,SGCD;SGCA;CAV1;DMD
KEGG_2021_Human,Pertussis,5/76,0.6245721102185067,0.9999951623506846,0,0,0.9325071227939474,0.438920367078364,MAPK10;CASP7;CFL2;CALM1;GNAI1
KEGG_2021_Human,Glycerolipid metabolism,4/61,0.6284399847818379,0.9999951623506846,0,0,0.9292731829573936,0.431661095726926,PNLIPRP2;AKR1B10;MOGAT2;MGLL
KEGG_2021_Human,Pathogenic Escherichia coli infection,13/197,0.6322119274363834,0.9999951623506846,0,0,0.9351889475822835,0.4288127612402914,TUBAL3;LPAR1;CLDN11;MAPK10;CLDN5;TUBB2B;TUBB6;CASP7;TUBA1A;MYO1A;CLDN8;CLDN23;MYH11
KEGG_2021_Human,Human immunodeficiency virus 1 infection,14/212,0.6331190785115062,0.9999951623506846,0,0,0.9358767531429402,0.4277862286431652,PRKCB;ITPR1;GNAI1;GNAO1;MAPK10;GNG3;GNG2;CFL2;GNA11;GNG7;AP1S2;BCL2;PTK2B;CALM1
KEGG_2021_Human,Prion disease,18/273,0.6437156120034062,0.9999951623506846,0,0,0.934097275273746,0.4114682119849059,RYR2;NCF1;TUBAL3;CAV1;ITPR1;HSPA2;COX7A1;RYR3;MAPK10;TUBB2B;TUBB6;C8G;TUBA1A;CREB3L3;C7;KIF5A;NCAM1;PRKACB
KEGG_2021_Human,Synaptic vesicle cycle,5/78,0.647561437718619,0.9999951623506846,0,0,0.906861065144379,0.3940688631245646,SNAP25;SLC6A7;SYT1;SLC1A1;SLC17A8
KEGG_2021_Human,Thiamine metabolism,1/15,0.6645158790035202,0.9999951623506846,0,0,0.9460340087567456,0.3866407929394276,ALPI
KEGG_2021_Human,Diabetic cardiomyopathy,13/203,0.6746484581082223,0.9999951623506846,0,0,0.905361534677816,0.3563172784150799,RYR2;NCF1;PRKCB;CMA1;ATP2A3;SLC2A4;COX7A1;MAPK10;PLN;CPT2;PDK4;AGTR1;CD36
KEGG_2021_Human,Sphingolipid metabolism,3/49,0.6781403003616571,0.9999951623506846,0,0,0.8635136393259473,0.3353896299038843,SMPD3;NEU4;SMPD1
KEGG_2021_Human,Fc gamma R-mediated phagocytosis,6/97,0.683762697366575,0.9999951623506846,0,0,0.8727538555864736,0.3317724517060628,SCIN;GSN;NCF1;PRKCB;CFL2;ASAP3
KEGG_2021_Human,Transcriptional misregulation in cancer,12/192,0.7031254703839223,0.9999951623506846,0,0,0.881992337164751,0.3106552744931602,MEF2C;MEIS1;ZEB1;HPGD;IL1R2;ZBTB16;FEV;TSPAN7;TMPRSS2;MITF;RXRG;PBX1
KEGG_2021_Human,FoxO signaling pathway,8/131,0.7083481363154072,0.9999951623506846,0,0,0.8606704405152934,0.2967760268593024,MAPK10;CDKN2B;PRKAA2;SLC2A4;PCK1;FBXO32;SGK1;SGK2
KEGG_2021_Human,Selenocompound metabolism,1/17,0.7099983579918907,0.9999951623506846,0,0,0.8276906628652887,0.2834779450291395,PAPSS2
KEGG_2021_Human,Progesterone-mediated oocyte maturation,6/100,0.7118223844751679,0.9999951623506846,0,0,0.8447630353392385,0.2871576449464391,MAPK10;CPEB1;ADCY9;PRKACB;GNAI1;ADCY5
KEGG_2021_Human,Mitophagy,4/68,0.7120831438006838,0.9999951623506846,0,0,0.8273214285714285,0.2809257601713162,MAPK10;PINK1;CITED2;MITF
KEGG_2021_Human,Phospholipase D signaling pathway,9/148,0.7192427821696197,0.9999951623506846,0,0,0.8566720816894872,0.2823216916795514,ADCY9;PDGFD;KIT;AGTR1;LPAR1;GAB1;FCER1A;PTK2B;ADCY5
KEGG_2021_Human,Taste transduction,5/86,0.7302596906658103,0.9999951623506846,0,0,0.816941554373053,0.2568097174376991,SCNN1G;SCNN1B;SCN9A;P2RY1;PRKACB
KEGG_2021_Human,Fatty acid biosynthesis,1/18,0.7303736960879066,0.9999951623506846,0,0,0.7789610498511593,0.2447487543711716,ACACB
KEGG_2021_Human,Epithelial cell signaling in Helicobacter pylori infection,4/70,0.7332699620247092,0.9999951623506846,0,0,0.8021645021645022,0.248864596035067,MAPK10;PTPRZ1;JAM2;JAM3
KEGG_2021_Human,Prolactin signaling pathway,4/70,0.7332699620247092,0.9999951623506846,0,0,0.8021645021645022,0.248864596035067,SOCS2;MAPK10;TNFRSF11A;SOCS6
KEGG_2021_Human,African trypanosomiasis,2/37,0.7435619803662074,0.9999951623506846,0,0,0.7565111065824333,0.2241566266055545,PRKCB;F2RL1
KEGG_2021_Human,Glycosaminoglycan degradation,1/19,0.749318414222876,0.9999951623506846,0,0,0.7356458382830443,0.212300964297816,HPSE2
KEGG_2021_Human,Legionellosis,3/57,0.7731084135015021,0.9999951623506846,0,0,0.7352684590371956,0.1892110367511681,CASP7;EEF1A2;HSPA2
KEGG_2021_Human,Small cell lung cancer,5/92,0.7823921427881178,0.9999951623506846,0,0,0.760354276042822,0.1865903331565825,CDKN2B;LAMA3;COL4A6;BCL2;RXRG
KEGG_2021_Human,Apoptosis,8/142,0.7876649614275828,0.9999951623506846,0,0,0.7895479621947569,0.1884512462651793,MAPK10;CASP7;TUBA1A;TUBAL3;CAPN2;ITPR1;BCL2;CTSF
KEGG_2021_Human,Ferroptosis,2/41,0.7931562699196394,0.9999951623506846,0,0,0.6787739127254105,0.1572956828959457,TF;CP
KEGG_2021_Human,Osteoclast differentiation,7/127,0.7961577965700779,0.9999951623506846,0,0,0.7714865187306132,0.1758664280852934,MAPK10;NCF1;ITGB3;BTK;MITF;TNFRSF11A;LILRB5
KEGG_2021_Human,Arginine biosynthesis,1/22,0.7985379668810911,0.9999951623506846,0,0,0.6304517530461935,0.1418344738953026,GPT
KEGG_2021_Human,Toxoplasmosis,6/112,0.8065735224431272,0.9999951623506846,0,0,0.7486436148676007,0.1609285985583073,GNAO1;MAPK10;LAMA3;BCL2;HSPA2;GNAI1
KEGG_2021_Human,Glycerophospholipid metabolism,5/98,0.8263728107942596,0.9999951623506846,0,0,0.7110685820132661,0.1356073648622017,PLA2G2D;PNPLA7;PLA2G10;PLA2G5;GPD1L
KEGG_2021_Human,Coronavirus disease,13/232,0.8361805245445947,0.9999951623506846,0,0,0.7842359066274058,0.1403082348263367,CFD;PRKCB;RPL10L;TMPRSS2;F13A1;MAPK10;C8G;C7;AGTR1;MASP1;IL6ST;IL6R;TLR3
KEGG_2021_Human,Hepatocellular carcinoma,9/168,0.8416746961083461,0.9999951623506846,0,0,0.7481030635017245,0.1289443053685042,GSTM3;GSTM2;WNT5B;PRKCB;GSTA1;GAB1;DPF3;WNT9A;GSTM5
KEGG_2021_Human,Glycosylphosphatidylinositol (GPI)-anchor biosynthesis,1/26,0.8494786022842007,0.9999951623506846,0,0,0.5294654312188168,0.0863730336413617,PIGZ
KEGG_2021_Human,Maturity onset diabetes of the young,1/26,0.8494786022842007,0.9999951623506846,0,0,0.5294654312188168,0.0863730336413617,NR5A2
KEGG_2021_Human,Chagas disease,5/102,0.8514791335342647,0.9999951623506846,0,0,0.6815987855832222,0.1095876468093842,GNAO1;MAPK10;PPP2R2B;GNA11;GNAI1
KEGG_2021_Human,Other types of O-glycan biosynthesis,2/47,0.851664172447421,0.9999951623506846,0,0,0.5880805198922174,0.0944239687810813,GALNT16;GALNT15
KEGG_2021_Human,Glycolysis / Gluconeogenesis,3/67,0.858190504581756,0.9999951623506846,0,0,0.6200481798715204,0.0948234540210708,ADH1C;ADH1B;PCK1
KEGG_2021_Human,Amino sugar and nucleotide sugar metabolism,2/48,0.859805633617301,0.9999951623506846,0,0,0.575265149165788,0.0868931810482623,UGDH;UGP2
KEGG_2021_Human,Collecting duct acid secretion,1/27,0.860058841486936,0.9999951623506846,0,0,0.5090739623882888,0.0767451762771994,CA2
KEGG_2021_Human,C-type lectin receptor signaling pathway,5/104,0.8628562827537605,0.9999951623506846,0,0,0.667756911502444,0.0984989081694222,MAPK10;CD209;ITPR1;LSP1;CALM1
KEGG_2021_Human,Fc epsilon RI signaling pathway,3/68,0.8649339061173408,0.9999951623506846,0,0,0.6104760336023719,0.0885814058057157,MAPK10;BTK;FCER1A
KEGG_2021_Human,Cholesterol metabolism,2/50,0.874872973719857,0.9999951623506846,0,0,0.5512363290537328,0.0736873850648753,CD36;ABCB11
KEGG_2021_Human,Vibrio cholerae infection,2/50,0.874872973719857,0.9999951623506846,0,0,0.5512363290537328,0.0736873850648753,ADCY9;PRKACB
KEGG_2021_Human,Central carbon metabolism in cancer,3/70,0.8775779142169824,0.9999951623506846,0,0,0.5921889481926556,0.0773336802372763,KIT;FGFR2;FGFR1
KEGG_2021_Human,Th17 cell differentiation,5/107,0.8785425626350801,0.9999951623506846,0,0,0.6480118852401575,0.0839116573381607,MAPK10;IRF4;IL6ST;IL6R;RXRG
KEGG_2021_Human,Citrate cycle (TCA cycle),1/30,0.8875453313800873,0.9999951623506846,0,0,0.4563374050679578,0.0544390816519461,PCK1
KEGG_2021_Human,Glyoxylate and dicarboxylate metabolism,1/30,0.8875453313800873,0.9999951623506846,0,0,0.4563374050679578,0.0544390816519461,ACAT1
KEGG_2021_Human,HIF-1 signaling pathway,5/109,0.8881289544206137,0.9999951623506846,0,0,0.6354813878044757,0.0753924490643842,TF;ANGPT1;PRKCB;BCL2;IL6R
KEGG_2021_Human,Non-small cell lung cancer,3/72,0.8891592574049456,0.9999951623506846,0,0,0.5749619836762561,0.0675459113450263,PRKCB;KIF5A;RXRG
KEGG_2021_Human,Glycosaminoglycan biosynthesis,2/53,0.8946914379200787,0.9999951623506846,0,0,0.5187267489021287,0.0577220359951023,B3GNT7;UST
KEGG_2021_Human,Asthma,1/31,0.8954513822747052,0.9999951623506846,0,0,0.4411023996198622,0.0487097691152926,FCER1A
KEGG_2021_Human,Lipid and atherosclerosis,11/215,0.8958237575095838,0.9999951623506846,0,0,0.711935025266388,0.0783211002355166,MAPK10;CASP7;RAP1A;NCF1;ITPR1;BCL2;VLDLR;CD36;HSPA2;CALM1;RXRG
KEGG_2021_Human,Oocyte meiosis,6/129,0.8969772187755142,0.9999951623506846,0,0,0.6445793642485781,0.0700817717276244,CPEB1;ADCY9;ITPR1;CALM1;PRKACB;ADCY5
KEGG_2021_Human,Breast cancer,7/147,0.898126108782278,0.9999951623506846,0,0,0.6605583392984968,0.0709735504615633,WNT5B;KIT;WNT9A;FGF2;HES5;FGF10;FGFR1
KEGG_2021_Human,Staphylococcus aureus infection,4/95,0.9079709701973964,0.9999951623506846,0,0,0.5810047095761381,0.0560918633313473,CFD;KRT24;MASP1;KRT20
KEGG_2021_Human,Fructose and mannose metabolism,1/33,0.9096360675165236,0.9999951623506846,0,0,0.4134889522451889,0.0391618220182664,AKR1B10
KEGG_2021_Human,Leishmaniasis,3/77,0.9139294294684556,0.9999951623506846,0,0,0.5359685166965681,0.0482381961818691,NCF1;PRKCB;EEF1A2
KEGG_2021_Human,Choline metabolism in cancer,4/98,0.9199163200702236,0.9999951623506846,0,0,0.562370820668693,0.0469425374249889,MAPK10;SLC22A5;PRKCB;PDGFD
KEGG_2021_Human,Endometrial cancer,2/58,0.9213540834859189,0.9999951623506846,0,0,0.4722844915426941,0.0386852294067535,CTNNA3;CTNNA2
KEGG_2021_Human,Nicotinate and nicotinamide metabolism,1/35,0.921897380163548,0.9999951623506846,0,0,0.3891241457381242,0.031644105892479,AOX1
KEGG_2021_Human,Non-alcoholic fatty liver disease,7/155,0.9246474731972584,0.9999951623506846,0,0,0.6245816324556482,0.0489314265516374,MAPK10;CASP7;PRKAA2;LEP;ADIPOQ;IL6R;COX7A1
KEGG_2021_Human,Autophagy,6/137,0.9251360653313252,0.9999951623506846,0,0,0.6049536415162337,0.047074137692243,MAPK10;PRKAA2;TP53INP2;ITPR1;BCL2;PRKACB
KEGG_2021_Human,Neurotrophin signaling pathway,5/119,0.9268616023225598,0.9999951623506846,0,0,0.5794238992764256,0.0440078366665225,MAPK10;RAP1A;BCL2;GAB1;CALM1
KEGG_2021_Human,Hepatitis C,7/157,0.930255309344058,0.9999951623506846,0,0,0.6161870675256502,0.0445479861417069,CLDN11;CLDN5;RSAD2;PPP2R2B;CLDN8;CLDN23;TLR3
KEGG_2021_Human,Kaposi sarcoma-associated herpesvirus infection,9/193,0.9309719569031432,0.9999951623506846,0,0,0.6455820476858345,0.0461759813610124,MAPK10;GNG3;GNG2;GNG7;ITPR1;CALM1;IL6ST;FGF2;TLR3
KEGG_2021_Human,Thyroid cancer,1/37,0.9324959587849436,0.9999951623506846,0,0,0.3674665399540667,0.0256824059589274,RXRG
KEGG_2021_Human,Human papillomavirus infection,17/331,0.9335476948042954,0.9999951623506846,0,0,0.7136191845113176,0.0490707564440775,TNXB;WNT5B;ITGB3;LAMA3;WNT9A;PPP2R3A;THBS4;RELN;CREB3L3;PPP2R2B;CHAD;COL4A6;ITGA8;ITGA7;PRKACB;TLR3;HES5
KEGG_2021_Human,Lysine degradation,2/63,0.941560680263564,0.9999951623506846,0,0,0.4334557189962816,0.0261011786466585,SMYD1;ACAT1
KEGG_2021_Human,Spinocerebellar ataxia,6/143,0.9415774347785704,0.9999951623506846,0,0,0.5782713574136149,0.0348111770745043,MAPK10;RELN;PRKCB;ITPR1;ATP2A3;VLDLR
KEGG_2021_Human,ErbB signaling pathway,3/85,0.9432601513989796,0.9999951623506846,0,0,0.4834699952995247,0.0282410092452419,MAPK10;PRKCB;GAB1
KEGG_2021_Human,Nicotine addiction,1/40,0.945760670945996,0.9999951623506846,0,0,0.3391450554672222,0.0189126724354761,SLC17A8
KEGG_2021_Human,Lysosome,5/128,0.9510019434547158,0.9999951623506846,0,0,0.5367655177623971,0.0269666556258062,FUCA1;SMPD1;AP1S2;CTSG;CTSF
KEGG_2021_Human,Acute myeloid leukemia,2/67,0.9540652439374192,0.9999951623506846,0,0,0.4066937342258312,0.0191240489374572,ZBTB16;KIT
KEGG_2021_Human,Renal cell carcinoma,2/69,0.9593146032093984,0.9999951623506846,0,0,0.3945110396661486,0.0163864912201744,RAP1A;GAB1
KEGG_2021_Human,RIG-I-like receptor signaling pathway,2/70,0.961718606471903,0.9999951623506846,0,0,0.388688428295712,0.0151718231117868,MAPK10;RNF125
KEGG_2021_Human,Shigellosis,11/246,0.962801842197613,0.9999951623506846,0,0,0.6169785095691223,0.0233882113828862,MAPK10;FNBP1;CAPN2;ITPR1;BCL2;PLCE1;PLCD3;MYL9;PLCD4;PLCD1;VCL
KEGG_2021_Human,Rheumatoid arthritis,3/93,0.9630749222149017,0.9999951623506846,0,0,0.4403045443730669,0.0165660487188334,CXCL12;ANGPT1;TNFRSF11A
KEGG_2021_Human,mTOR signaling pathway,6/154,0.9635553769229076,0.9999951623506846,0,0,0.5349727409813246,0.0198610331452398,PRKAA2;WNT5B;PRKCB;WNT9A;SGK1;RNF152
KEGG_2021_Human,p53 signaling pathway,2/73,0.968139244152202,0.9999951623506846,0,0,0.3722046975146169,0.0120517479538096,TP53I3;BCL2
KEGG_2021_Human,Pathways of neurodegeneration,24/475,0.9681485676436976,0.9999951623506846,0,0,0.6997011472091006,0.0226491333755323,RYR2;WNT5B;TUBAL3;PRKCB;GPX3;ITPR1;ATP2A3;WNT9A;COX7A1;RYR3;MAPK10;TUBB2B;TUBB6;PINK1;UCHL1;CASP7;TUBA1A;KIF5A;BCL2;CAPN2;NEFL;CALM1;PRPH;SNCA
KEGG_2021_Human,Measles,5/139,0.9705790652847924,0.9999951623506846,0,0,0.4924092902179595,0.0147045286454334,MAPK10;CD209;BCL2;HSPA2;RAB9B
KEGG_2021_Human,Necroptosis,6/159,0.9707918579186272,0.9999951623506846,0,0,0.517349715279531,0.0153358970167541,MAPK10;SMPD1;CAPN2;BCL2;PYGM;TLR3
KEGG_2021_Human,Glioma,2/75,0.971829155086512,0.9999951623506846,0,0,0.3619682254313798,0.0103433348294757,PRKCB;CALM1
KEGG_2021_Human,Pancreatic cancer,2/76,0.973515896940317,0.9999951623506846,0,0,0.3570574854455026,0.0095838244656529,MAPK10;ARHGEF6
KEGG_2021_Human,Human T-cell leukemia virus 1 infection,9/219,0.9739719712178644,0.9999951623506846,0,0,0.5648540706605223,0.0148967567382321,MAPK10;KAT2B;CDKN2B;ADCY9;CREB3L3;IL1R2;TNFRSF13C;PRKACB;ADCY5
KEGG_2021_Human,Hepatitis B,6/162,0.9744734605781724,0.9999951623506846,0,0,0.5073181468031254,0.0131182297439025,MAPK10;CREB3L3;PRKCB;BCL2;PTK2B;TLR3
KEGG_2021_Human,Epstein-Barr virus infection,8/202,0.9758394160073762,0.9999951623506846,0,0,0.5435855020234543,0.013294600477614,MAPK10;FCER2;CR2;ENTPD3;CD19;BTK;BCL2;ENTPD8
KEGG_2021_Human,Viral carcinogenesis,8/203,0.9768184482333698,0.9999951623506846,0,0,0.5407684960693556,0.0126834384497199,KAT2B;CDKN2B;GSN;SCIN;CREB3L3;IL6ST;PRKACB;HDAC9
KEGG_2021_Human,Alzheimer disease,17/369,0.9788148885074074,0.9999951623506846,0,0,0.6352575866815232,0.0136026033444405,WNT5B;TUBAL3;ITPR1;ATP2A3;WNT9A;COX7A1;RYR3;MAPK10;TUBB2B;TUBB6;CASP7;TUBA1A;KIF5A;CAPN2;APBB1;CALM1;SNCA
KEGG_2021_Human,Autoimmune thyroid disease,1/53,0.978990106842347,0.9999951623506846,0,0,0.2541806020066889,0.0053972052921638,TPO
KEGG_2021_Human,Influenza A,6/172,0.9838676179641636,0.9999951623506846,0,0,0.476498267749108,0.0077497323607805,TPSB2;RSAD2;PRKCB;TMPRSS2;TPSAB1;TLR3
KEGG_2021_Human,Colorectal cancer,2/86,0.9858110934245294,0.9999951623506846,0,0,0.3143808165206168,0.0044926689784348,MAPK10;BCL2
KEGG_2021_Human,MicroRNAs in cancer,13/310,0.9863287925323844,0.9999951623506846,0,0,0.5758205103999496,0.0079264681644474,ABCB1;TNXB;PRKCB;ITGB3;RDX;TPM1;EFNA5;ZEB2;ZEB1;BCL2;PDCD4;ZFPM2;RECK
KEGG_2021_Human,VEGF signaling pathway,1/59,0.9864405859060708,0.9999951623506846,0,0,0.2278123233465234,0.0031101354126615,PRKCB
KEGG_2021_Human,TNF signaling pathway,3/112,0.9872366008903436,0.9999951623506846,0,0,0.3631809520067579,0.004665259463788,MAPK10;CASP7;CREB3L3
KEGG_2021_Human,Tuberculosis,6/180,0.9889371478761436,0.9999951623506846,0,0,0.4543929751862266,0.0050548949095545,MAPK10;CD209;MRC1;BCL2;LSP1;CALM1
KEGG_2021_Human,NOD-like receptor signaling pathway,6/181,0.9894529744029658,0.9999951623506846,0,0,0.4517719190680564,0.0047901555815849,MAPK10;CASP5;ITPR1;BCL2;TXNIP;ANTXR2
KEGG_2021_Human,IL-17 signaling pathway,2/94,0.991453328358294,0.9999951623506846,0,0,0.2869193078211251,0.0024627443005125,MAPK10;MAPK4
KEGG_2021_Human,mRNA surveillance pathway,2/98,0.9933814112041924,0.9999951623506846,0,0,0.2749048977650974,0.001825530379922,PPP2R2B;PPP2R3A
KEGG_2021_Human,Endocytosis,9/252,0.993395363661702,0.9999951623506846,0,0,0.4872693482012478,0.0032289115131707,PSD;EHD2;CAV1;KIF5A;ASAP3;NEDD4L;HSPA2;FOLR2;FGFR2
KEGG_2021_Human,Protein processing in endoplasmic reticulum,5/171,0.993992391246676,0.9999951623506846,0,0,0.3967980571320306,0.0023909967808009,MAPK10;CAPN2;BCL2;HSPA2;CRYAB
KEGG_2021_Human,Toll-like receptor signaling pathway,2/104,0.9955005987947068,0.9999951623506846,0,0,0.2586501076892954,0.0011663966216792,MAPK10;TLR3
KEGG_2021_Human,Natural killer cell mediated cytotoxicity,3/131,0.9957875720442728,0.9999951623506846,0,0,0.308953426124197,0.0013041928911194,PRKCB;PTK2B;CD48
KEGG_2021_Human,Cellular senescence,4/156,0.9960111488937804,0.9999951623506846,0,0,0.3466917293233083,0.0013856671389234,CDKN2B;CAPN2;ITPR1;CALM1
KEGG_2021_Human,Huntington disease,11/306,0.9964460406150007,0.9999951623506846,0,0,0.4898852616593865,0.0017441334520335,MAPK10;TUBB2B;TUBB6;TUBA1A;CREB3L3;TUBAL3;GPX3;KIF5A;ITPR1;PPARGC1A;COX7A1
KEGG_2021_Human,Antigen processing and presentation,1/78,0.9966133472333714,0.9999951623506846,0,0,0.1714230174672084,0.0005815355225783628,HSPA2
KEGG_2021_Human,Systemic lupus erythematosus,3/135,0.9966801067700052,0.9999951623506846,0,0,0.2995263123742781,0.00099604968232304,C8G;C7;CTSG
KEGG_2021_Human,Neutrophil extracellular trap formation,5/189,0.9976727484076036,0.9999951623506846,0,0,0.3576312272741399,0.0008332678316352307,NCF1;PRKCB;ITGB3;CTSG;HDAC9
KEGG_2021_Human,Cell cycle,2/124,0.9987785101846444,0.9999951623506846,0,0,0.2160145927363719,0.0002640209072678186,CDKN2B;CDC14A
KEGG_2021_Human,Th1 and Th2 cell differentiation,1/92,0.9987812163253392,0.9999951623506846,0,0,0.1449405904145747,0.00017675896275570887,MAPK10
KEGG_2021_Human,Yersinia infection,2/137,0.9994819481749436,0.9999951623506846,0,0,0.1950758176150472,0.00010108556938305962,MAPK10;PTK2B
KEGG_2021_Human,T cell receptor signaling pathway,1/104,0.9994916433533862,0.9999951623506846,0,0,0.1279712682255084,6.507158596635213e-05,MAPK10
KEGG_2021_Human,Amyotrophic lateral sclerosis,11/364,0.9997337131572782,0.9999951623506846,0,0,0.4080967362103923,0.00010868526278058186,TUBB2B;TUBB6;PINK1;TUBA1A;TUBAL3;GPX3;KIF5A;BCL2;NEFL;COX7A1;PRPH
KEGG_2021_Human,Oxidative phosphorylation,1/133,0.9999363730731896,0.9999951623506846,0,0,0.099699777532992,6.343792268247222e-06,COX7A1
KEGG_2021_Human,Ubiquitin mediated proteolysis,1/140,0.999960570651976,0.9999951623506846,0,0,0.0946430311203638,3.731786583533745e-06,NEDD4L
KEGG_2021_Human,Spliceosome,1/150,0.9999792900704986,0.9999951623506846,0,0,0.0882433137045736,1.827531729886071e-06,HSPA2
KEGG_2021_Human,Ribosome,1/158,0.9999869412912518,0.9999951623506846,0,0,0.0837105202228164,1.0931584403875428e-06,RPL10L
KEGG_2021_Human,Olfactory transduction,9/440,0.9999947727376206,0.9999951623506846,0,0,0.2719107851208742,1.4213527325085009e-06,GNG7;PDE2A;OR51E2;PRKG2;CNGA3;CALM1;PRKACB;SLC8A1;PRKG1
KEGG_2021_Human,Herpes simplex virus 1 infection,6/498,0.9999950453127672,0.9999951623506846,0,0,0.1579259569419728,7.824756610727017e-07,ZNF671;ZNF418;ITGB3;BCL2;HCFC2;TLR3
KEGG_2021_Human,RNA transport,1/186,0.9999951623506846,0.9999951623506846,0,0,0.0709329429215387,3.431495327800027e-07,EEF1A2
